step,system_total_stopped,system_total_waiting_time,system_mean_waiting_time,system_mean_speed,GS_cluster_357187_359543_stopped,GS_cluster_357187_359543_accumulated_waiting_time,GS_cluster_357187_359543_average_speed,agents_total_stopped,agents_total_accumulated_waiting_time
25200.0,0,0.0,0.0,0.0,0,0.0,1.0,0,0.0
25205.0,0,0.0,0.0,0.0,0,0.0,1.0,0,0.0
25210.0,0,0.0,0.0,5.444658578583039,0,0.0,0.5207633143900825,0,0.0
25215.0,0,0.0,0.0,9.831037972267406,0,0.0,0.3411858284837806,0,0.0
25220.0,0,0.0,0.0,8.597913058325446,0,0.0,0.1043467323023535,0,0.0
25225.0,1,0.0,0.0,10.048546888394041,1,0.0,0.5362578704927901,1,0.0
25230.0,0,0.0,0.0,10.985046431437866,0,0.0,0.8544394178339051,0,0.0
25235.0,0,0.0,0.0,10.560886003899238,0,0.0,0.6302183304340818,0,0.0
25240.0,1,3.0,0.5,9.22337428855968,1,3.0,0.7473381750130559,1,3.0
25245.0,1,8.0,1.0,8.5775329333284,1,8.0,0.6120751934865306,1,8.0
25250.0,0,0.0,0.0,9.153599895198898,0,0.0,0.6432400542189217,0,0.0
25255.0,0,0.0,0.0,8.257462730385642,0,0.0,0.3783499429181597,0,0.0
25260.0,0,0.0,0.0,7.600532452428457,0,2.0,0.4157386598812246,0,2.0
25265.0,3,4.0,0.3333333333333333,8.103420707001078,3,4.0,0.30645197105456945,3,4.0
25270.0,1,2.0,0.2,4.931631201670984,1,4.0,0.23546197251321638,1,4.0
25275.0,1,7.0,0.5384615384615384,9.810848305753789,1,7.0,0.3994705780827545,1,7.0
25280.0,1,12.0,0.9230769230769231,10.589867370859135,1,12.0,0.471048496635463,1,12.0
25285.0,1,0.0,0.0,7.725894206578823,0,0.0,0.5403753086470003,0,0.0
25290.0,3,6.0,0.4,7.825131857628666,3,6.0,0.5135058030918792,3,6.0
25295.0,1,0.0,0.0,8.50512377172402,1,2.0,0.5648957432037905,1,2.0
25300.0,0,0.0,0.0,11.124442330123365,0,1.0,0.675807315497193,0,1.0
25305.0,2,1.0,0.047619047619047616,9.87915981477777,2,2.0,0.6465793870341524,2,2.0
25310.0,3,7.0,0.30434782608695654,8.454511365402439,3,8.0,0.5603047335950038,3,8.0
25315.0,1,1.0,0.041666666666666664,8.186570266054725,1,3.0,0.47645503867264594,1,3.0
25320.0,4,13.0,0.5652173913043478,8.990633168525699,4,13.0,0.48693364618544965,4,13.0
25325.0,5,5.0,0.22727272727272727,8.08849946809785,4,15.0,0.4721051361768468,4,15.0
25330.0,4,11.0,0.5,8.672946797005297,4,13.0,0.4698541927891577,4,13.0
25335.0,1,2.0,0.09523809523809523,7.663828711766103,1,9.0,0.4487472899423602,1,9.0
25340.0,3,14.0,0.5833333333333334,8.521786807144863,3,16.0,0.4178241578963182,3,16.0
25345.0,2,1.0,0.047619047619047616,9.484896313493154,2,10.0,0.45613000317103797,2,10.0
25350.0,2,6.0,0.3,9.257325743024317,2,6.0,0.4609507143834118,2,6.0
25355.0,0,0.0,0.0,9.906095769490488,0,3.0,0.6280588450714611,0,3.0
25360.0,2,1.0,0.05,9.563876135458319,1,0.0,0.6002662008444575,1,0.0
25365.0,1,0.0,0.0,9.282231509719974,1,0.0,0.5726657188126517,1,0.0
25370.0,5,8.0,0.38095238095238093,8.620787560999887,5,8.0,0.4898989734629762,5,8.0
25375.0,1,0.0,0.0,8.33977379703145,1,2.0,0.5810366498506102,1,2.0
25380.0,4,7.0,0.2916666666666667,9.014928115974788,3,4.0,0.5467116005174167,3,4.0
25385.0,1,1.0,0.041666666666666664,9.86505779636943,1,4.0,0.6229447847368007,1,4.0
25390.0,4,9.0,0.375,8.795686233406068,4,9.0,0.5377774375277656,4,9.0
25395.0,2,0.0,0.0,8.299851848544552,2,3.0,0.5184788610145569,2,3.0
25400.0,2,5.0,0.2,9.673179495964757,2,5.0,0.6220246041364179,2,5.0
25405.0,0,0.0,0.0,9.23741994618531,0,1.0,0.5606498168388475,0,1.0
25410.0,3,5.0,0.20833333333333334,9.208223053514686,3,5.0,0.5866920121943129,3,5.0
25415.0,2,0.0,0.0,8.226251099408806,1,2.0,0.6122048776193979,1,2.0
25420.0,1,0.0,0.0,8.063222967388178,1,0.0,0.5258821460061206,1,0.0
25425.0,1,1.0,0.037037037037037035,7.42418518688934,1,6.0,0.466820614033682,1,6.0
25430.0,5,16.0,0.5714285714285714,8.266778012910788,5,16.0,0.527859557333636,5,16.0
25435.0,4,5.0,0.1724137931034483,8.168064478120364,3,17.0,0.5516659021784275,3,17.0
25440.0,3,16.0,0.6153846153846154,8.539845914966223,3,16.0,0.5955962755529094,3,16.0
25445.0,1,1.0,0.041666666666666664,8.090364906795157,1,7.0,0.5263833538048254,1,7.0
25450.0,3,14.0,0.6086956521739131,8.789099777335313,3,16.0,0.5613774369506768,3,16.0
25455.0,2,1.0,0.047619047619047616,9.218155859854654,2,6.0,0.6404326691470562,2,6.0
25460.0,4,12.0,0.6,8.80578703938342,4,12.0,0.5988710185514043,4,12.0
25465.0,1,0.0,0.0,9.440327494556753,1,7.0,0.6509301981537826,1,7.0
25470.0,2,0.0,0.0,10.140280284476587,0,0.0,0.7693652230387735,0,0.0
25475.0,1,1.0,0.04,10.126971915639281,1,1.0,0.6852306260789777,1,1.0
25480.0,6,12.0,0.5,8.22227692062677,6,12.0,0.49053044779352406,6,12.0
25485.0,5,20.0,0.7142857142857143,7.784054153791475,5,23.0,0.4555720233296409,5,23.0
25490.0,6,40.0,1.25,8.35469583145157,6,40.0,0.46310761523291927,6,40.0
25495.0,0,0.0,0.0,8.609080844756933,0,6.0,0.5691943605179577,0,6.0
25500.0,1,5.0,0.14705882352941177,9.614292296524798,1,5.0,0.6047044394764298,1,5.0
25505.0,4,7.0,0.2,7.845091100426444,3,8.0,0.48190810820158564,3,8.0
25510.0,7,33.0,0.9166666666666666,8.423875357949917,6,26.0,0.4819742094925577,6,26.0
25515.0,4,12.0,0.3076923076923077,8.2604642253015,2,19.0,0.4920883890999622,2,19.0
25520.0,6,26.0,0.6666666666666666,9.026867602258298,2,6.0,0.5799888854691839,2,6.0
25525.0,3,4.0,0.10810810810810811,9.13466412059817,3,9.0,0.5341775344667945,3,9.0
25530.0,8,24.0,0.6666666666666666,9.131147194205674,8,27.0,0.4636168602005185,8,27.0
25535.0,1,0.0,0.0,9.182694782902605,1,21.0,0.5594403819061111,1,21.0
25540.0,5,11.0,0.2894736842105263,10.753501266167742,5,12.0,0.5520560435287174,5,12.0
25545.0,2,3.0,0.09090909090909091,9.445625082525412,2,14.0,0.5313734848422591,2,14.0
25550.0,4,16.0,0.48484848484848486,9.6540437195991,4,16.0,0.5144970129659165,4,16.0
25555.0,1,1.0,0.03225806451612903,8.818272879829324,1,7.0,0.5596923181550825,1,7.0
25560.0,4,8.0,0.25806451612903225,9.050909603413535,4,9.0,0.5047290840212496,4,9.0
25565.0,1,1.0,0.038461538461538464,8.823739767870123,1,3.0,0.5712423616703347,1,3.0
25570.0,4,13.0,0.4642857142857143,10.055051148863333,3,14.0,0.65443838156744,3,14.0
25575.0,3,3.0,0.1111111111111111,8.467569665087005,2,17.0,0.5256473365226124,2,17.0
25580.0,6,22.0,0.8148148148148148,7.607770275076602,4,20.0,0.4488593588531172,4,20.0
25585.0,4,13.0,0.4482758620689655,7.071156015769557,2,15.0,0.4007141690598401,2,15.0
25590.0,6,37.0,1.121212121212121,8.369134193096505,2,10.0,0.5148153907850456,2,10.0
25595.0,7,47.0,1.46875,8.152365744089511,2,11.0,0.48377579569976437,2,11.0
25600.0,7,39.0,1.3,6.946793056826162,2,7.0,0.42815304560106004,2,7.0
25605.0,2,5.0,0.15151515151515152,7.876645486075789,1,55.0,0.4643812049745007,1,55.0
25610.0,4,16.0,0.45714285714285713,7.213362248311601,3,77.0,0.41044907897939586,3,77.0
25615.0,6,15.0,0.42857142857142855,6.827246602853822,2,54.0,0.4757974770575172,2,54.0
25620.0,6,21.0,0.525,7.6209481157659456,1,1.0,0.5050167560694286,1,1.0
25625.0,6,10.0,0.23809523809523808,8.115927505200288,3,19.0,0.5277141013199674,3,19.0
25630.0,7,19.0,0.475,7.252261313139354,7,62.0,0.4823034865090347,7,62.0
25635.0,3,6.0,0.14634146341463414,7.119244301379804,3,74.0,0.505039304053773,3,74.0
25640.0,10,19.0,0.40425531914893614,5.996548857373909,8,63.0,0.3640385497923482,8,63.0
25645.0,7,19.0,0.41304347826086957,6.836375010389248,6,85.0,0.3888286072259124,6,85.0
25650.0,9,47.0,0.9791666666666666,6.922737481584401,7,108.0,0.38052294705138723,7,108.0
25655.0,11,13.0,0.2549019607843137,6.120796212070046,8,107.0,0.2549378659152295,8,107.0
25660.0,18,77.0,1.6382978723404256,4.649410717017838,11,126.0,0.25403456619514264,11,126.0
25665.0,20,101.0,2.061224489795918,4.07862312964349,9,139.0,0.20572482346361615,9,139.0
25670.0,21,175.0,3.1818181818181817,5.572084460554813,9,160.0,0.28677095847704,9,160.0
25675.0,23,249.0,4.611111111111111,5.671148352369658,9,181.0,0.28879422949642103,9,181.0
25680.0,19,220.0,4.074074074074074,5.684288772900589,9,160.0,0.32357824904281446,9,160.0
25685.0,11,111.0,1.9473684210526316,6.158331549415338,2,134.0,0.35824189071535806,2,134.0
25690.0,20,97.0,1.7321428571428572,6.348165104673532,6,111.0,0.38027338803239363,6,111.0
25695.0,20,119.0,2.2884615384615383,5.650099647411192,4,116.0,0.3450024580270422,4,116.0
25700.0,20,171.0,3.2264150943396226,5.505114261649068,5,100.0,0.2788271580605259,5,100.0
25705.0,15,158.0,3.16,5.141560421359786,6,137.0,0.25869290035389836,6,137.0
25710.0,26,225.0,4.166666666666667,5.073507618648573,13,220.0,0.1554094219681221,13,220.0
25715.0,21,270.0,5.625,4.838016619111433,7,239.0,0.23616739644319315,7,239.0
25720.0,23,376.0,7.673469387755102,5.028767691922518,8,218.0,0.23789281602628645,8,218.0
25725.0,16,346.0,6.92,4.428777260573105,3,181.0,0.279848594927558,3,181.0
25730.0,23,439.0,8.959183673469388,5.564319551285103,8,204.0,0.3341169256069193,8,204.0
25735.0,22,510.0,10.625,5.365241203460872,6,226.0,0.29878589292256286,6,226.0
25740.0,19,568.0,11.833333333333334,5.665900645390882,5,157.0,0.3560091435565499,5,157.0
25745.0,7,214.0,4.553191489361702,5.827462448909429,1,265.0,0.3887989522128127,1,265.0
25750.0,10,52.0,1.04,6.202968270749246,8,352.0,0.286856778280744,8,352.0
25755.0,7,18.0,0.35294117647058826,5.859814270559415,5,589.0,0.20771026091149342,5,589.0
25760.0,14,59.0,1.2040816326530612,6.2194143871624465,8,527.0,0.2461279774434131,8,527.0
25765.0,14,60.0,1.2244897959183674,6.085949031569634,8,556.0,0.19598919462060937,8,556.0
25770.0,10,24.0,0.5106382978723404,5.554668041503914,6,567.0,0.24267118474367613,6,567.0
25775.0,17,70.0,1.5909090909090908,5.248762076516367,10,493.0,0.20101611699794503,10,493.0
25780.0,11,44.0,1.0731707317073171,5.557289647371026,9,429.0,0.24588711966247367,9,429.0
25785.0,12,67.0,1.8108108108108107,4.7810344132529945,9,384.0,0.13265400814154923,9,384.0
25790.0,12,79.0,2.257142857142857,3.717021627368417,12,514.0,0.05967802077569035,12,514.0
25795.0,8,47.0,1.3823529411764706,6.226984778053761,7,466.0,0.13580687471158806,7,466.0
25800.0,12,74.0,2.242424242424242,5.6044107403934635,10,488.0,0.07969969560692948,10,488.0
25805.0,11,64.0,2.0,5.164777266326364,9,409.0,0.06063310913820706,9,409.0
25810.0,8,43.0,1.303030303030303,5.703063248768062,7,509.0,0.10976282065382378,7,509.0
25815.0,7,55.0,1.71875,7.1563906135845325,6,493.0,0.1812364099671722,6,493.0
25820.0,6,59.0,2.107142857142857,6.954840436773135,5,511.0,0.13471853591935154,5,511.0
25825.0,6,23.0,0.92,6.722666399878773,6,337.0,0.16079060305940415,6,337.0
25830.0,2,8.0,0.3333333333333333,6.343657545237394,1,448.0,0.18845876285258029,1,448.0
25835.0,4,11.0,0.44,8.02035754840215,4,435.0,0.32055960539367984,4,435.0
25840.0,4,13.0,0.6190476190476191,7.439877840286972,4,341.0,0.1507712564239796,4,341.0
25845.0,6,31.0,1.631578947368421,8.005562425176647,6,150.0,0.039420389545066395,6,150.0
25850.0,0,0.0,0.0,9.15602036260942,0,24.0,0.19283177975157592,0,24.0
25855.0,0,0.0,0.0,13.707096256527114,0,0.0,1.0,0,0.0
25860.0,1,0.0,0.0,12.06189794551796,1,0.0,0.0,1,0.0
25865.0,0,0.0,0.0,9.931872027394611,0,0.0,0.42779663753759306,0,0.0
25870.0,1,0.0,0.0,10.746818077477219,1,0.0,0.507145168787581,1,0.0
25875.0,1,0.0,0.0,11.883053438048261,1,0.0,0.3169933519661172,1,0.0
25880.0,1,0.0,0.0,11.24119558009765,1,0.0,0.3874393712949746,1,0.0
25885.0,1,0.0,0.0,10.650207788809833,1,0.0,0.37835559830172305,1,0.0
25890.0,0,0.0,0.0,9.564637046446014,0,0.0,0.4549648290597008,0,0.0
25895.0,4,11.0,0.7857142857142857,7.626064344631915,4,11.0,0.1725680427105267,4,11.0
25900.0,2,8.0,0.5333333333333333,7.4306407157482965,2,13.0,0.1991569440152339,2,13.0
25905.0,1,12.0,0.8571428571428571,10.357079139494362,1,13.0,0.28300566467274774,1,13.0
25910.0,1,17.0,1.1333333333333333,10.468045709735584,1,17.0,0.2939084206600618,1,17.0
25915.0,0,0.0,0.0,9.698925996430921,0,0.0,0.38284329823222174,0,0.0
25920.0,2,9.0,0.5294117647058824,8.67438835774146,2,9.0,0.22442365913841267,2,9.0
25925.0,0,0.0,0.0,8.168134789481018,0,2.0,0.21406529929748017,0,2.0
25930.0,0,0.0,0.0,9.919624095214058,0,0.0,0.4310010977002621,0,0.0
25935.0,2,2.0,0.1111111111111111,9.335039739832613,2,2.0,0.266602592435866,2,2.0
25940.0,3,12.0,0.6666666666666666,8.515338666708606,3,12.0,0.2709455534031675,3,12.0
25945.0,1,0.0,0.0,8.208279001658859,1,7.0,0.3414962936912659,1,7.0
25950.0,2,0.0,0.0,10.4401293227299,2,0.0,0.4278463081179001,2,0.0
25955.0,0,0.0,0.0,11.840487890095057,0,0.0,0.7201753093798213,0,0.0
25960.0,1,0.0,0.0,10.671217896137309,1,0.0,0.5645649654121677,1,0.0
25965.0,0,0.0,0.0,11.376220090841718,0,0.0,0.6916560687379171,0,0.0
25970.0,0,0.0,0.0,10.12359823513756,0,0.0,0.58946122875553,0,0.0
25975.0,2,4.0,0.2,9.701954973336399,2,4.0,0.5272614635500055,2,4.0
25980.0,0,0.0,0.0,8.984733463527418,0,2.0,0.5128395958687053,0,2.0
25985.0,0,0.0,0.0,10.552656332848828,0,2.0,0.6042600489133145,0,2.0
25990.0,2,1.0,0.058823529411764705,8.785389654458644,2,3.0,0.3618138178447643,2,3.0
25995.0,3,11.0,0.55,7.978712389470047,3,13.0,0.3425707632300766,3,13.0
26000.0,3,6.0,0.3157894736842105,6.424252517579342,3,19.0,0.28211638539128664,3,19.0
26005.0,5,15.0,0.6521739130434783,6.7717486344041715,4,18.0,0.1705882211793874,4,18.0
26010.0,1,0.0,0.0,7.3968991597827705,1,5.0,0.28177866924521333,1,5.0
26015.0,2,8.0,0.34782608695652173,8.45040935854202,2,11.0,0.21146689682231526,2,11.0
26020.0,1,1.0,0.04,9.171443146259938,1,3.0,0.28714047059807335,1,3.0
26025.0,4,12.0,0.4444444444444444,9.28524645586152,4,13.0,0.16334239871319503,4,13.0
26030.0,2,0.0,0.0,8.569384912291628,2,10.0,0.27090007027552576,2,10.0
26035.0,1,3.0,0.12,10.661138005377081,1,4.0,0.31138115696354673,1,4.0
26040.0,1,0.0,0.0,9.497736557219183,1,4.0,0.2531920329954851,1,4.0
26045.0,3,7.0,0.25,9.520775435117114,3,9.0,0.2755319783706838,3,9.0
26050.0,2,1.0,0.037037037037037035,8.907370277411637,2,5.0,0.3183155573729366,2,5.0
26055.0,2,9.0,0.34615384615384615,9.617098856079444,2,10.0,0.23531856325599348,2,10.0
26060.0,3,2.0,0.07407407407407407,9.093675446648307,3,8.0,0.175655821531978,3,8.0
26065.0,4,13.0,0.5416666666666666,8.025846121979791,4,17.0,0.0864969477431657,4,17.0
26070.0,4,7.0,0.3684210526315789,6.295406758367438,4,25.0,0.14128046469948086,4,25.0
26075.0,4,8.0,0.4444444444444444,6.922727260388575,4,27.0,0.14048692949273148,4,27.0
26080.0,2,5.0,0.3333333333333333,7.773980945772191,2,27.0,0.25372914886896414,2,27.0
26085.0,1,9.0,0.75,9.086246649165972,1,19.0,0.3963316513709517,1,19.0
26090.0,4,15.0,1.0,7.700291274025431,4,18.0,0.29413400335555945,4,18.0
26095.0,3,19.0,1.1176470588235294,8.199748797344334,3,21.0,0.42047566117658036,3,21.0
26100.0,1,24.0,1.411764705882353,6.090621339506763,1,26.0,0.3797609984435118,1,26.0
26105.0,3,37.0,2.0555555555555554,6.0277955651534665,3,37.0,0.3391518262584117,3,37.0
26110.0,1,1.0,0.05263157894736842,7.668808672337133,1,12.0,0.3246748188657375,1,12.0
26115.0,3,11.0,0.7333333333333333,8.45667770972755,3,11.0,0.38130884749158056,3,11.0
26120.0,1,5.0,0.4166666666666667,7.954164664616781,1,17.0,0.39594259095229,1,17.0
26125.0,4,10.0,1.1111111111111112,4.492908413696785,1,12.0,0.26789241741887504,1,12.0
26130.0,3,15.0,1.5,2.8441692381299952,3,25.0,0.12174272805122215,3,25.0
26135.0,1,12.0,1.0909090909090908,3.868795014206167,1,13.0,0.42820739534269453,1,13.0
26140.0,1,17.0,1.3076923076923077,5.527630198267308,1,18.0,0.29379266420905364,1,18.0
26145.0,1,22.0,1.6923076923076923,7.908700178351987,1,22.0,0.4035459461149419,1,22.0
26150.0,2,27.0,2.25,10.068972522019608,2,27.0,0.5666249955686905,2,27.0
26155.0,1,32.0,3.2,11.36115826381555,1,32.0,0.669441654880065,1,32.0
26160.0,0,0.0,0.0,9.769382425472365,0,0.0,0.63376572038615,0,0.0
26165.0,1,3.0,0.1875,8.792140392754419,1,3.0,0.5133809686754813,1,3.0
26170.0,1,1.0,0.05555555555555555,8.915812040284024,1,1.0,0.5686694328638331,1,1.0
26175.0,2,6.0,0.3,8.675477118988727,1,3.0,0.47268253219610845,1,3.0
26180.0,1,0.0,0.0,6.835073021799275,1,2.0,0.4674831108958079,1,2.0
26185.0,1,5.0,0.2631578947368421,11.625507641386285,1,5.0,0.7481504383262543,1,5.0
26190.0,2,3.0,0.16666666666666666,9.056328758746389,2,3.0,0.5121313490599813,2,3.0
26195.0,3,16.0,1.0,9.248866893587088,3,16.0,0.6048936126720776,3,16.0
26200.0,1,2.0,0.125,8.568700897436141,1,17.0,0.516469942644162,1,17.0
26205.0,3,7.0,0.4666666666666667,8.33620831470376,3,9.0,0.4922107897033508,3,9.0
26210.0,0,0.0,0.0,7.880180864026149,0,3.0,0.39801290063103134,0,3.0
26215.0,2,7.0,0.5384615384615384,8.058305841928618,2,7.0,0.3826492800132541,2,7.0
26220.0,1,3.0,0.23076923076923078,5.898775543399051,1,4.0,0.3107307842342377,1,4.0
26225.0,3,12.0,0.6666666666666666,8.897540876286355,3,12.0,0.4069753002946559,3,12.0
26230.0,4,22.0,1.1578947368421053,9.294575256376186,3,22.0,0.5413081107981751,3,22.0
26235.0,1,1.0,0.05555555555555555,9.86832245949145,1,1.0,0.5592981958379454,1,1.0
26240.0,3,12.0,0.6,7.876785053570394,3,12.0,0.39039398745173914,3,12.0
26245.0,0,0.0,0.0,8.167376048862312,0,6.0,0.5138044210044798,0,6.0
26250.0,1,1.0,0.04,10.662373820771116,1,1.0,0.5020908830234192,1,1.0
26255.0,1,0.0,0.0,9.416277002774796,1,0.0,0.5065407438248728,1,0.0
26260.0,2,7.0,0.3684210526315789,8.04492426408525,2,8.0,0.5084709428976557,2,8.0
26265.0,0,0.0,0.0,7.964718239141617,0,1.0,0.49980813696719806,0,1.0
26270.0,2,6.0,0.2608695652173913,10.293164475075079,2,7.0,0.6023471768535745,2,7.0
26275.0,0,0.0,0.0,9.775301314728823,0,6.0,0.5942725947031232,0,6.0
26280.0,4,9.0,0.391304347826087,9.166585916038386,4,10.0,0.5430540296354396,4,10.0
26285.0,1,0.0,0.0,8.945396268813315,1,9.0,0.5810434553315762,1,9.0
26290.0,1,2.0,0.1,8.962953830334866,1,4.0,0.5765845529321948,1,4.0
26295.0,1,3.0,0.16666666666666666,8.41290777378755,1,6.0,0.5164703305496302,1,6.0
26300.0,4,16.0,0.8421052631578947,7.358932184295036,4,16.0,0.3708133689886587,4,16.0
26305.0,1,0.0,0.0,7.667369017459354,1,9.0,0.49274471048669866,1,9.0
26310.0,1,1.0,0.058823529411764705,10.576849503534174,1,1.0,0.6062293009570653,1,1.0
26315.0,1,0.0,0.0,9.962927964966767,1,0.0,0.39821688233742253,1,0.0
26320.0,4,7.0,0.4375,7.330585760938417,4,7.0,0.3631330121170622,4,7.0
26325.0,0,0.0,0.0,8.65692982192309,0,4.0,0.4962777639771752,0,4.0
26330.0,2,2.0,0.1,7.760164194480756,1,2.0,0.4336977313912349,1,2.0
26335.0,1,1.0,0.047619047619047616,9.373747092387998,1,4.0,0.47689781770836387,1,4.0
26340.0,2,6.0,0.3,7.709324965598332,2,6.0,0.4548124918761361,2,6.0
26345.0,1,0.0,0.0,8.682271275561698,1,1.0,0.5127131490208744,1,1.0
26350.0,1,3.0,0.13043478260869565,11.236886463779284,0,0.0,0.7049053983472249,0,0.0
26355.0,0,0.0,0.0,9.729751989454552,0,0.0,0.6388655679888705,0,0.0
26360.0,2,5.0,0.35714285714285715,10.952738857070662,2,5.0,0.7106915741580038,2,5.0
26365.0,0,0.0,0.0,8.777624109758868,0,5.0,0.6418821271077152,0,5.0
26370.0,2,6.0,0.5,8.087277131167374,2,6.0,0.5311080903707831,2,6.0
26375.0,0,0.0,0.0,9.01064682783921,0,3.0,0.7883802360229512,0,3.0
26380.0,1,0.0,0.0,9.68167361337948,1,0.0,0.45774127784160756,1,0.0
26385.0,4,4.0,0.2857142857142857,7.875790220575603,4,4.0,0.35483198788781495,4,4.0
26390.0,3,14.0,0.9333333333333333,9.01199442753248,3,14.0,0.4376203646394373,3,14.0
26395.0,2,12.0,0.75,9.482892443251876,2,12.0,0.5423198040237893,2,12.0
26400.0,3,19.0,1.1875,9.610451154530953,3,19.0,0.5269299806996172,3,19.0
26405.0,1,0.0,0.0,9.852766639902104,1,0.0,0.7054965580360097,1,0.0
26410.0,0,0.0,0.0,12.222545531940392,0,0.0,0.7632075384403236,0,0.0
26415.0,0,0.0,0.0,10.214009129053265,0,0.0,0.7494335448160425,0,0.0
26420.0,1,2.0,0.18181818181818182,10.24375001924593,1,2.0,0.6806203346773448,1,2.0
26425.0,2,0.0,0.0,8.841600471879387,2,0.0,0.6174383887330396,2,0.0
26430.0,4,1.0,0.0625,6.707691135477367,4,1.0,0.38352643461926417,4,1.0
26435.0,0,0.0,0.0,8.37865528225528,0,3.0,0.5460685029737421,0,3.0
26440.0,2,5.0,0.23809523809523808,8.815760043572583,2,5.0,0.5406254716256262,2,5.0
26445.0,1,0.0,0.0,8.495771663385153,1,3.0,0.5883945354036976,1,3.0
26450.0,2,4.0,0.15384615384615385,9.106050039582492,1,2.0,0.6125111700487335,1,2.0
26455.0,0,0.0,0.0,9.526258816025809,0,2.0,0.6339199459005875,0,2.0
26460.0,1,2.0,0.09090909090909091,10.554760291946165,1,2.0,0.5537938305252788,1,2.0
26465.0,0,0.0,0.0,8.325579448459747,0,3.0,0.462652349395876,0,3.0
26470.0,3,5.0,0.2631578947368421,8.98365595145213,3,5.0,0.4804750556519157,3,5.0
26475.0,3,10.0,0.5263157894736842,8.525940973905405,2,10.0,0.39561254620674813,2,10.0
26480.0,1,0.0,0.0,7.8458968824239435,1,2.0,0.43577931820120624,1,2.0
26485.0,2,6.0,0.3,8.287585206549718,2,6.0,0.4345937573669149,2,6.0
26490.0,0,0.0,0.0,8.119137487381398,0,3.0,0.5540350517889016,0,3.0
26495.0,0,0.0,0.0,10.445983451109747,0,0.0,0.6976391276441224,0,0.0
26500.0,1,0.0,0.0,10.921584782843244,1,0.0,0.6804971887160289,1,0.0
26505.0,3,7.0,0.4117647058823529,10.404792661024143,3,7.0,0.7067543817965773,3,7.0
26510.0,1,1.0,0.0625,8.491349836302195,1,7.0,0.5770228665891424,1,7.0
26515.0,6,20.0,1.1111111111111112,7.906402452073337,6,20.0,0.5068419469942971,6,20.0
26520.0,1,6.0,0.3157894736842105,8.403662549586958,1,22.0,0.5952985082272249,1,22.0
26525.0,3,4.0,0.19047619047619047,7.710396852973427,2,6.0,0.502136419859049,2,6.0
26530.0,3,10.0,0.47619047619047616,9.534669546249859,2,1.0,0.6102551918809284,2,1.0
26535.0,1,3.0,0.15,7.880266573178218,1,3.0,0.49621940786808694,1,3.0
26540.0,8,24.0,1.0,7.413578065072265,8,24.0,0.37840257315332454,8,24.0
26545.0,2,4.0,0.16666666666666666,8.153445442010453,2,22.0,0.5394953355436942,2,22.0
26550.0,2,4.0,0.14814814814814814,9.39249131425639,2,5.0,0.5370666065645215,2,5.0
26555.0,2,2.0,0.08,9.40808658095275,2,5.0,0.5229747650769273,2,5.0
26560.0,4,16.0,0.64,9.754515163714512,4,17.0,0.5445200841768525,4,17.0
26565.0,1,0.0,0.0,9.184142644558088,0,11.0,0.5525369503204809,0,11.0
26570.0,2,4.0,0.16,9.837192046067806,2,5.0,0.5367116661105442,2,5.0
26575.0,1,3.0,0.125,9.469052608683981,1,4.0,0.5587231893844453,1,4.0
26580.0,6,22.0,0.7857142857142857,8.297928749472076,5,19.0,0.443443110509727,5,19.0
26585.0,3,13.0,0.3939393939393939,8.381834523112033,3,30.0,0.4982261905215461,3,30.0
26590.0,5,7.0,0.1891891891891892,6.774586896793565,4,27.0,0.3681557331295378,4,27.0
26595.0,3,5.0,0.13157894736842105,6.892509870928988,3,31.0,0.35798942619726937,3,31.0
26600.0,11,36.0,0.8571428571428571,6.580195322072176,9,54.0,0.3118294315166113,9,54.0
26605.0,7,29.0,0.7073170731707317,6.871695908533999,7,68.0,0.3308804150285307,7,68.0
26610.0,8,27.0,0.6428571428571429,8.220748519516967,8,53.0,0.3483053645544203,8,53.0
26615.0,3,8.0,0.21052631578947367,7.569102493425345,3,56.0,0.3259410267300364,3,56.0
26620.0,5,18.0,0.5142857142857142,8.527068416585244,4,42.0,0.3812552208493079,4,42.0
26625.0,5,16.0,0.5161290322580645,7.484434696660989,5,50.0,0.35806000070130367,5,50.0
26630.0,4,12.0,0.4,8.0109494451424,4,43.0,0.3985156035127294,4,43.0
26635.0,1,0.0,0.0,7.21710765284653,1,26.0,0.37428338883639584,1,26.0
26640.0,5,15.0,0.5,7.615882169703485,4,34.0,0.4071417015033032,4,34.0
26645.0,4,10.0,0.3225806451612903,8.032610883264992,4,36.0,0.41973575203805336,4,36.0
26650.0,3,9.0,0.28125,8.433688542697862,3,20.0,0.4782726362349551,3,20.0
26655.0,2,2.0,0.06896551724137931,7.970248337844414,2,17.0,0.46431531092508765,2,17.0
26660.0,5,19.0,0.6333333333333333,9.613893683289104,5,30.0,0.5547570955168439,5,30.0
26665.0,1,1.0,0.03333333333333333,8.92155773406351,1,22.0,0.5625860691010981,1,22.0
26670.0,3,9.0,0.28125,8.181501095684037,3,10.0,0.4808793812423657,3,10.0
26675.0,4,2.0,0.058823529411764705,7.940077356890093,3,4.0,0.450310503361088,3,4.0
26680.0,5,16.0,0.47058823529411764,9.356764879653316,4,17.0,0.49522518664413273,4,17.0
26685.0,2,11.0,0.34375,9.218572858072084,2,27.0,0.46444655142337127,2,27.0
26690.0,4,8.0,0.23529411764705882,8.757590741639461,3,18.0,0.4832629157564966,3,18.0
26695.0,4,3.0,0.08333333333333333,7.628370208678096,4,22.0,0.460650395495297,4,22.0
26700.0,6,19.0,0.475,8.172900099547961,5,27.0,0.4800184497867177,5,27.0
26705.0,3,9.0,0.21951219512195122,7.1092288460146404,3,34.0,0.3747747025522838,3,34.0
26710.0,9,32.0,0.6808510638297872,7.617644531192183,9,45.0,0.3609170841819609,9,45.0
26715.0,5,19.0,0.3958333333333333,7.384455142335745,4,44.0,0.357535446569045,4,44.0
26720.0,6,16.0,0.3137254901960784,7.842790451693203,5,41.0,0.3515396365584234,5,41.0
26725.0,11,51.0,1.0,7.725021693734552,11,66.0,0.35788834912893336,11,66.0
26730.0,13,108.0,2.0377358490566038,8.340463420577441,13,114.0,0.3645369169985463,13,114.0
26735.0,8,69.0,1.2545454545454546,8.214606983121058,8,119.0,0.37243735804248257,8,119.0
26740.0,9,35.0,0.6363636363636364,8.570878496390407,9,92.0,0.3660736948009983,9,92.0
26745.0,5,12.0,0.2222222222222222,7.919515989575871,4,98.0,0.36098402470796304,4,98.0
26750.0,10,40.0,0.7272727272727273,7.630883468313387,8,114.0,0.39693089440477264,8,114.0
26755.0,8,21.0,0.3888888888888889,7.4720422615733115,8,111.0,0.34438965844167935,8,111.0
26760.0,8,20.0,0.37735849056603776,8.095824640532115,8,58.0,0.3778440166518054,8,58.0
26765.0,6,9.0,0.18,7.300124417302964,6,73.0,0.352529421687101,6,73.0
26770.0,10,34.0,0.6538461538461539,7.0554561529268955,8,76.0,0.3678047777260644,8,76.0
26775.0,7,20.0,0.37735849056603776,6.200777749569985,7,83.0,0.3188717737563635,7,83.0
26780.0,11,42.0,0.7924528301886793,7.225434809280439,11,95.0,0.3130418736518107,11,95.0
26785.0,15,74.0,1.4509803921568627,6.094923467315678,15,148.0,0.26553437600155816,15,148.0
26790.0,15,121.0,2.372549019607843,5.833902603036831,15,194.0,0.22806993862696373,15,194.0
26795.0,12,79.0,1.5490196078431373,6.086531615639731,12,197.0,0.2195879012002445,12,197.0
26800.0,7,23.0,0.4791666666666667,6.936947838350089,7,153.0,0.2253179213884833,7,153.0
26805.0,11,30.0,0.6818181818181818,5.4842618131288186,11,171.0,0.14547589994125726,11,171.0
26810.0,12,46.0,1.1219512195121952,4.381980282388794,12,181.0,0.09905886918626303,12,181.0
26815.0,18,108.0,2.7,4.897540553699808,18,225.0,0.1357670243366409,18,225.0
26820.0,10,78.0,1.95,6.003181157000773,10,237.0,0.2653895209497435,10,237.0
26825.0,3,13.0,0.3170731707317073,7.0966918795869685,3,184.0,0.326479154735949,3,184.0
26830.0,6,15.0,0.38461538461538464,6.450135023784089,6,193.0,0.2538461679995891,6,193.0
26835.0,10,34.0,0.9444444444444444,6.252971714129188,10,192.0,0.22407430807785603,10,192.0
26840.0,8,21.0,0.6,5.53646554975601,7,174.0,0.252200920818043,7,174.0
26845.0,6,17.0,0.4594594594594595,6.5867241884835765,5,79.0,0.2551423469170298,5,79.0
26850.0,6,12.0,0.32432432432432434,5.905200203476954,5,86.0,0.21504274762178618,5,86.0
26855.0,7,28.0,0.8235294117647058,7.446134207191417,7,76.0,0.2616768954763405,7,76.0
26860.0,3,14.0,0.42424242424242425,8.79538696135756,3,64.0,0.36541523250622204,3,64.0
26865.0,5,17.0,0.5,8.884410462596666,5,49.0,0.4028286972106759,5,49.0
26870.0,4,12.0,0.35294117647058826,9.110473938195613,4,49.0,0.4571899030581384,4,49.0
26875.0,2,5.0,0.14285714285714285,9.147478726829961,2,20.0,0.4601328218902726,2,20.0
26880.0,5,22.0,0.6470588235294118,9.208344685085406,5,29.0,0.4878270060225071,5,29.0
26885.0,0,0.0,0.0,9.001618150447136,0,18.0,0.45301655366599247,0,18.0
26890.0,4,14.0,0.3888888888888889,9.290373809792325,4,16.0,0.4475195523853544,4,16.0
26895.0,4,9.0,0.2647058823529412,8.519787110159749,4,29.0,0.3874602025629701,4,29.0
26900.0,4,9.0,0.2647058823529412,8.697164605447798,4,17.0,0.40963843878240547,4,17.0
26905.0,6,7.0,0.21212121212121213,7.828263264669755,6,23.0,0.2541622309252113,6,23.0
26910.0,6,28.0,0.875,7.950672323238656,6,35.0,0.26548072495651237,6,35.0
26915.0,5,11.0,0.3333333333333333,7.808047844565334,5,37.0,0.2491062609625615,5,37.0
26920.0,3,15.0,0.45454545454545453,8.61793540922893,3,20.0,0.32387896920629344,3,20.0
26925.0,1,1.0,0.03125,9.077912761867674,1,8.0,0.46478735172455715,1,8.0
26930.0,4,13.0,0.40625,8.823517453182813,4,20.0,0.4090515653892377,4,20.0
26935.0,3,11.0,0.36666666666666664,8.128450450389625,3,27.0,0.40748848269321436,3,27.0
26940.0,4,7.0,0.22580645161290322,7.912308830820933,4,28.0,0.4037794921374643,4,28.0
26945.0,2,6.0,0.1935483870967742,8.497054365106143,2,29.0,0.4866852810615124,2,29.0
26950.0,7,25.0,0.8064516129032258,8.751043267668464,7,48.0,0.3365587580819605,7,48.0
26955.0,4,18.0,0.6206896551724138,8.540585779272455,4,53.0,0.38971116575251386,4,53.0
26960.0,0,0.0,0.0,9.682318549532475,0,20.0,0.46664175998489216,0,20.0
26965.0,1,3.0,0.10714285714285714,8.619880167972923,1,23.0,0.34549348770785054,1,23.0
26970.0,6,22.0,0.7096774193548387,8.249421077674713,5,39.0,0.4135455977430157,5,39.0
26975.0,1,0.0,0.0,8.946454521149938,1,26.0,0.47404754183287023,1,26.0
26980.0,2,6.0,0.20689655172413793,9.931352056952662,2,6.0,0.5267525800649872,2,6.0
26985.0,1,0.0,0.0,10.596133778217046,1,0.0,0.597323260566317,1,0.0
26990.0,4,9.0,0.375,8.78123107382698,3,6.0,0.5026894219639509,3,6.0
26995.0,0,0.0,0.0,9.42371876163299,0,0.0,0.5298958526435549,0,0.0
27000.0,3,10.0,0.45454545454545453,10.377961331139808,2,8.0,0.5887427241407163,2,8.0
27005.0,1,1.0,0.05555555555555555,9.212315741679895,1,3.0,0.5157367886791507,1,3.0
27010.0,1,6.0,0.375,10.724147851055466,1,6.0,0.4783970248599544,1,6.0
27015.0,0,0.0,0.0,11.308714216109655,0,0.0,0.4290737302536193,0,0.0
27020.0,1,3.0,0.2727272727272727,11.290784897753289,1,3.0,0.386199175446296,1,3.0
27025.0,0,0.0,0.0,10.050082758747099,0,0.0,0.3185459928581958,0,0.0
27030.0,3,6.0,0.5454545454545454,7.724599222208837,3,6.0,0.22407887732922452,3,6.0
27035.0,0,0.0,0.0,6.378374922997273,0,2.0,0.23294504672517616,0,2.0
27040.0,0,0.0,0.0,9.300691823305131,0,0.0,0.40863565917922273,0,0.0
27045.0,2,3.0,0.17647058823529413,9.813990508304798,2,3.0,0.3952032592420495,2,3.0
27050.0,4,14.0,0.7777777777777778,8.667473362351513,4,14.0,0.420656585722617,4,14.0
27055.0,1,0.0,0.0,9.003282683357181,1,7.0,0.47845690321475326,1,7.0
27060.0,0,0.0,0.0,10.653327679198284,0,0.0,0.599060246568088,0,0.0
27065.0,2,4.0,0.2222222222222222,10.59124429401998,2,4.0,0.5203781434060201,2,4.0
27070.0,3,16.0,1.0,7.9006884576242875,3,16.0,0.1953348905638907,3,16.0
27075.0,2,6.0,0.4,8.34904687074794,2,15.0,0.22065735730171668,2,15.0
27080.0,0,0.0,0.0,8.258563610273928,0,4.0,0.18940815847661,0,4.0
27085.0,2,4.0,0.3076923076923077,6.884220563221557,2,8.0,0.2531526867259223,2,8.0
27090.0,3,18.0,1.5,7.240793601651813,3,22.0,0.33344708488385083,3,22.0
27095.0,1,2.0,0.18181818181818182,4.501410576673789,1,20.0,0.3301438132517074,1,20.0
27100.0,3,11.0,0.7857142857142857,7.550365083272571,3,11.0,0.4798822616484731,3,11.0
27105.0,0,0.0,0.0,6.923091057682533,0,8.0,0.3950754386541611,0,8.0
27110.0,1,4.0,0.36363636363636365,7.611236334187743,1,4.0,0.4425174012875291,1,4.0
27115.0,0,0.0,0.0,10.029037826252903,0,0.0,0.7091434930449468,0,0.0
27120.0,1,1.0,0.06666666666666667,8.170007734299196,1,1.0,0.4832640574474635,1,1.0
27125.0,0,0.0,0.0,9.293409757956917,0,0.0,0.5896299261967038,0,0.0
27130.0,1,4.0,0.23529411764705882,10.478041961576228,1,4.0,0.6633616616510887,1,4.0
27135.0,0,0.0,0.0,11.315173598217353,0,0.0,0.6858740286636181,0,0.0
27140.0,0,0.0,0.0,11.322925354994375,0,0.0,0.7405259720761638,0,0.0
27145.0,0,0.0,0.0,10.695832494672771,0,0.0,0.7115211520167958,0,0.0
27150.0,1,3.0,0.3333333333333333,6.688632311733588,0,0.0,0.37571556376258736,0,0.0
27155.0,1,0.0,0.0,6.094712042453723,0,0.0,0.5763455761160433,0,0.0
27160.0,2,4.0,0.36363636363636365,8.569716744141846,2,4.0,0.40597281918323225,2,4.0
27165.0,1,0.0,0.0,7.614530024765757,1,0.0,0.24341759176777705,1,0.0
27170.0,3,7.0,0.5384615384615384,9.738104113745104,2,3.0,0.3532049289399814,2,3.0
27175.0,1,0.0,0.0,9.987202057963042,1,0.0,0.3197777007105699,1,0.0
27180.0,2,2.0,0.125,9.248647838510255,2,2.0,0.22388947584261915,2,2.0
27185.0,3,0.0,0.0,7.515439409279668,3,3.0,0.27130317610320753,3,3.0
27190.0,1,2.0,0.11764705882352941,10.087936048256923,1,3.0,0.4281777500968513,1,3.0
27195.0,3,11.0,0.6875,9.007072252016929,3,11.0,0.2527341420945065,3,11.0
27200.0,5,29.0,2.0714285714285716,7.992882643038778,5,29.0,0.27167806486072055,5,29.0
27205.0,5,49.0,3.769230769230769,8.30617053013221,5,49.0,0.2241226682898527,5,49.0
27210.0,2,14.0,1.0769230769230769,8.046359677383107,2,45.0,0.3223079113390076,2,45.0
27215.0,2,7.0,0.5833333333333334,7.264864571648052,2,7.0,0.1095443049114396,2,7.0
27220.0,1,1.0,0.09090909090909091,7.15709085885884,0,1.0,0.2790181771023997,0,1.0
27225.0,0,0.0,0.0,9.65280911479968,0,1.0,0.38423335327250435,0,1.0
27230.0,0,0.0,0.0,9.975632118431108,0,1.0,0.48905786521305067,0,1.0
27235.0,0,0.0,0.0,10.794643143101338,0,0.0,0.3906038633124482,0,0.0
27240.0,0,0.0,0.0,10.00452981407334,0,0.0,0.49024183648722836,0,0.0
27245.0,0,0.0,0.0,12.838547838465294,0,0.0,0.6038434453736943,0,0.0
27250.0,0,0.0,0.0,13.875150536708128,0,0.0,1.0,0,0.0
27255.0,0,0.0,0.0,9.815415189568602,0,0.0,0.3328637462476872,0,0.0
27260.0,0,0.0,0.0,8.597418936061999,0,0.0,0.410717246624384,0,0.0
27265.0,0,0.0,0.0,9.517496562579899,0,0.0,0.4695967703110787,0,0.0
27270.0,2,0.0,0.0,10.56148885191464,1,0.0,0.3989899123125104,1,0.0
27275.0,2,0.0,0.0,8.644817070636874,1,0.0,0.3641986764949311,1,0.0
27280.0,3,1.0,0.058823529411764705,7.460630542391944,3,1.0,0.35064872181622025,3,1.0
27285.0,5,17.0,0.8947368421052632,5.833356374526635,4,13.0,0.30805751259558717,4,13.0
27290.0,9,24.0,1.0434782608695652,4.727578124780823,9,41.0,0.2293510845712221,9,41.0
27295.0,6,43.0,1.8695652173913044,7.6625372092765645,6,49.0,0.4336760307188543,6,49.0
27300.0,1,1.0,0.05,7.321509218698845,1,21.0,0.4118156715338376,1,21.0
27305.0,4,19.0,1.0,9.841834357150745,4,25.0,0.4901914984638998,4,25.0
27310.0,0,0.0,0.0,7.618283414501945,0,14.0,0.6239780638845589,0,14.0
27315.0,2,6.0,0.42857142857142855,10.372460991310328,0,0.0,0.9422205730823935,0,0.0
27320.0,2,3.0,0.3,8.535806538843133,2,3.0,0.5331982146302161,2,3.0
27325.0,2,13.0,1.625,7.151984001773338,2,13.0,0.22765612186682166,2,13.0
27330.0,0,0.0,0.0,7.424671468151297,0,3.0,0.6039969852468385,0,3.0
27335.0,1,0.0,0.0,10.04011222216722,0,0.0,1.0,0,0.0
27340.0,0,0.0,0.0,10.279097552654768,0,0.0,1.0,0,0.0
27345.0,0,0.0,0.0,9.80790290116195,0,0.0,0.4070355846991127,0,0.0
27350.0,1,2.0,0.3333333333333333,6.192094705420885,1,2.0,0.20591136959283865,1,2.0
27355.0,1,7.0,1.0,9.938613119056624,1,7.0,0.592355427542719,1,7.0
27360.0,0,0.0,0.0,8.433511554707763,0,0.0,0.7235684966461114,0,0.0
27365.0,2,0.0,0.0,10.597878634583664,1,0.0,0.5824175725435067,1,0.0
27370.0,0,0.0,0.0,9.317196406808357,0,0.0,0.4576273139438623,0,0.0
27375.0,1,4.0,0.5714285714285714,7.1681358214299635,1,4.0,0.4280493145855503,1,4.0
27380.0,0,0.0,0.0,7.557188147707755,0,2.0,0.15579444105989812,0,2.0
27385.0,0,0.0,0.0,9.306889112840391,0,0.0,0.2353342465124791,0,0.0
27390.0,1,0.0,0.0,8.37102721320266,1,0.0,0.32253810437052477,1,0.0
27395.0,1,3.0,0.42857142857142855,8.09640278959553,1,3.0,0.4086990814897751,1,3.0
27400.0,0,0.0,0.0,8.74780571443445,0,0.0,0.5019201560434967,0,0.0
27405.0,0,0.0,0.0,14.855153279785759,0,0.0,0.9135970072974626,0,0.0
27410.0,1,1.0,0.3333333333333333,9.46977783352864,1,1.0,0.4851073263003994,1,1.0
27415.0,1,6.0,2.0,5.276652632812285,1,6.0,0.0,1,6.0
27420.0,0,0.0,0.0,10.906351812525799,0,0.0,1.0,0,0.0
27425.0,0,0.0,0.0,12.883630635433997,0,0.0,0.43963063461337276,0,0.0
27430.0,0,0.0,0.0,9.00240281209414,0,0.0,0.5306211592341624,0,0.0
27435.0,1,5.0,0.8333333333333334,7.948716880670926,1,5.0,0.5185469887065636,1,5.0
27440.0,3,16.0,2.0,6.331828538256454,3,16.0,0.454816795350923,3,16.0
27445.0,0,0.0,0.0,7.8386479574028,0,5.0,0.5882587853531269,0,5.0
27450.0,0,0.0,0.0,12.519758230137269,0,0.0,0.7614538719825399,0,0.0
27455.0,2,1.0,0.07692307692307693,7.445790856068864,1,1.0,0.5107735199725187,1,1.0
27460.0,3,12.0,0.8571428571428571,6.84664495164958,3,12.0,0.4583250160446271,3,12.0
27465.0,1,0.0,0.0,8.416646092822432,0,0.0,0.639409668666753,0,0.0
27470.0,2,3.0,0.2,10.900582681908363,1,1.0,0.6259777561665701,1,1.0
27475.0,2,0.0,0.0,9.108390395857938,1,0.0,0.5014447262327046,1,0.0
27480.0,2,4.0,0.36363636363636365,8.564838411547964,1,4.0,0.4998382514610174,1,4.0
27485.0,0,0.0,0.0,10.510783399061976,0,0.0,0.7408242758309513,0,0.0
27490.0,1,2.0,0.16666666666666666,9.401403805710023,0,0.0,0.6085026200501651,0,0.0
27495.0,3,2.0,0.14285714285714285,8.16409461955298,1,1.0,0.712391183564057,1,1.0
27500.0,2,12.0,0.9230769230769231,10.258494024672792,1,6.0,0.7283480650018046,1,6.0
27505.0,3,22.0,1.5714285714285714,8.287034411144393,2,11.0,0.5672661811441427,2,11.0
27510.0,5,40.0,2.3529411764705883,7.482578735293934,4,24.0,0.4911571677980874,4,24.0
27515.0,1,21.0,1.1666666666666667,8.124973709285044,0,7.0,0.5607259443554049,0,7.0
27520.0,3,33.0,1.8333333333333333,10.081096628556235,1,4.0,0.6349850124126983,1,4.0
27525.0,2,8.0,0.4444444444444444,8.401376689244149,1,0.0,0.43460737993640264,1,0.0
27530.0,3,11.0,0.7333333333333333,9.043821470190487,3,11.0,0.4830802469289803,3,11.0
27535.0,0,0.0,0.0,6.724906833199929,0,16.0,0.47737698979625326,0,16.0
27540.0,2,6.0,0.35294117647058826,8.183933225184436,2,7.0,0.48059124539848314,2,7.0
27545.0,0,0.0,0.0,7.371749634888735,0,3.0,0.5951409775128398,0,3.0
27550.0,4,10.0,0.5,7.20326914103381,2,5.0,0.4387076783087595,2,5.0
27555.0,4,17.0,0.7727272727272727,4.4682418813986144,4,22.0,0.2646306387464005,4,22.0
27560.0,8,23.0,0.9583333333333334,3.7748210249822294,8,37.0,0.19261504511659386,8,37.0
27565.0,10,65.0,2.6,5.427817273815655,10,71.0,0.24479242640063262,10,71.0
27570.0,7,70.0,2.9166666666666665,6.9275864688782525,7,80.0,0.37667490342388443,7,80.0
27575.0,5,89.0,3.869565217391304,7.978073202179249,5,96.0,0.4137464039203632,5,96.0
27580.0,2,5.0,0.25,7.957731091353468,2,67.0,0.4777705719213895,2,67.0
27585.0,5,16.0,0.6666666666666666,7.141457982467474,5,23.0,0.40537661802335273,5,23.0
27590.0,4,2.0,0.08333333333333333,5.713937963697295,3,24.0,0.37611498713011327,3,24.0
27595.0,6,17.0,0.6296296296296297,6.310825578228511,3,20.0,0.42026938913888706,3,20.0
27600.0,4,20.0,0.6896551724137931,6.659003715245862,2,17.0,0.4584563935137436,2,17.0
27605.0,6,45.0,1.40625,8.077015534238049,4,31.0,0.47250991262242836,4,31.0
27610.0,3,14.0,0.4827586206896552,7.198695740680646,3,32.0,0.4382207320060104,3,32.0
27615.0,8,26.0,0.9285714285714286,5.751296016886576,4,39.0,0.3210941087963649,4,39.0
27620.0,7,30.0,1.1538461538461537,4.543281033082327,5,51.0,0.2835227593059565,5,51.0
27625.0,8,38.0,1.3103448275862069,5.147722761808922,4,50.0,0.25333180874384953,4,50.0
27630.0,11,69.0,2.3793103448275863,5.694810562385229,7,56.0,0.3092672915176188,7,56.0
27635.0,11,111.0,3.7,4.336158917562185,6,65.0,0.26641104223623835,6,65.0
27640.0,7,122.0,3.8125,4.310994699985452,3,68.0,0.29648818066080684,3,68.0
27645.0,13,164.0,4.4324324324324325,6.709134021723544,8,81.0,0.3712026995228056,8,81.0
27650.0,13,199.0,5.2368421052631575,6.527822697029159,7,94.0,0.3753009447061926,7,94.0
27655.0,10,150.0,3.9473684210526314,5.296851970969216,7,110.0,0.390509281627866,7,110.0
27660.0,11,171.0,4.275,3.9637201988322226,9,137.0,0.2846871244836339,9,137.0
27665.0,17,124.0,2.883720930232558,5.201959274597659,12,175.0,0.28140647409322334,12,175.0
27670.0,15,82.0,2.0,4.651934168905701,8,207.0,0.2594270888469034,8,207.0
27675.0,15,78.0,1.9024390243902438,4.155435936282537,8,229.0,0.2157939267496015,8,229.0
27680.0,19,106.0,2.717948717948718,2.946697887048556,10,228.0,0.25383186695138876,10,228.0
27685.0,23,125.0,3.048780487804878,2.368658019054622,12,270.0,0.14843726056357537,12,270.0
27690.0,24,171.0,4.275,1.8988271015152978,13,316.0,0.1458943134982943,13,316.0
27695.0,25,271.0,6.609756097560975,2.679652688269761,14,366.0,0.1326397344369038,14,366.0
27700.0,26,372.0,9.538461538461538,2.3608199007684156,13,373.0,0.15437457663202028,13,373.0
27705.0,22,364.0,9.333333333333334,2.4737041630212824,12,409.0,0.194866540034553,12,409.0
27710.0,24,380.0,9.5,3.0312592496292288,13,417.0,0.2422705961722044,13,417.0
27715.0,23,462.0,11.846153846153847,2.8603125901382795,12,478.0,0.2750537376285853,12,478.0
27720.0,18,503.0,12.268292682926829,3.401992467675553,7,469.0,0.2902195640543377,7,469.0
27725.0,12,210.0,5.25,4.476256509267339,7,334.0,0.2896260664901598,7,334.0
27730.0,9,27.0,0.7297297297297297,3.76968756610121,7,364.0,0.24550252597831965,7,364.0
27735.0,10,37.0,1.0,3.6781821226015268,8,438.0,0.23557484910383356,8,438.0
27740.0,11,45.0,1.2162162162162162,4.398177174963555,8,423.0,0.2379703313250031,8,423.0
27745.0,17,85.0,2.361111111111111,4.415486512404042,11,419.0,0.24499865926286316,11,419.0
27750.0,13,105.0,3.0,4.7297454783389385,8,450.0,0.28429162192139273,8,450.0
27755.0,12,114.0,3.257142857142857,5.468263477622576,7,451.0,0.3592253304171734,7,451.0
27760.0,14,178.0,5.5625,6.09304634666862,9,462.0,0.4108995376552747,9,462.0
27765.0,14,247.0,8.233333333333333,6.295376396936793,9,457.0,0.42487999751619443,9,457.0
27770.0,12,253.0,8.724137931034482,6.390775997586591,7,474.0,0.4670966156544563,7,474.0
27775.0,9,170.0,5.666666666666667,5.200200581908038,5,374.0,0.3788288061981824,5,374.0
27780.0,3,3.0,0.09375,6.69307162650835,3,466.0,0.4328621129042292,3,466.0
27785.0,8,25.0,0.7575757575757576,7.521772387275801,6,554.0,0.46569745047662325,6,554.0
27790.0,8,41.0,1.4137931034482758,7.294618292694653,5,494.0,0.4738715793099583,5,494.0
27795.0,5,35.0,1.206896551724138,7.273647841069904,3,267.0,0.48132800743806,3,267.0
27800.0,1,1.0,0.03333333333333333,7.321213417677347,1,456.0,0.45148271322776157,1,456.0
27805.0,4,15.0,0.5,8.231348071680094,3,556.0,0.5182511545186511,3,556.0
27810.0,5,15.0,0.5555555555555556,8.221535943030316,5,516.0,0.5596238103648715,5,516.0
27815.0,4,13.0,0.4642857142857143,8.138413086177577,4,317.0,0.4743032015853922,4,317.0
27820.0,1,1.0,0.03571428571428571,8.193103442204352,1,316.0,0.531122242985148,1,316.0
27825.0,5,12.0,0.4,8.69629201626816,5,316.0,0.5036017450416272,5,316.0
27830.0,4,3.0,0.1,8.606927876872327,4,214.0,0.5256212912541548,4,214.0
27835.0,6,21.0,0.75,8.406266181024867,4,18.0,0.5350751719161823,4,18.0
27840.0,1,2.0,0.07142857142857142,7.0643830400410295,1,29.0,0.44832563765218114,1,29.0
27845.0,4,10.0,0.3125,8.129484199428301,4,16.0,0.5000977775038088,4,16.0
27850.0,4,27.0,0.8709677419354839,9.313198419524777,4,27.0,0.5616282190023495,4,27.0
27855.0,2,4.0,0.14285714285714285,8.625331485406582,2,9.0,0.504256337430403,2,9.0
27860.0,7,24.0,0.8571428571428571,8.376466415278262,6,23.0,0.4906798048262213,6,23.0
27865.0,2,3.0,0.1111111111111111,9.114062748500388,2,15.0,0.5656291878412483,2,15.0
27870.0,3,2.0,0.07692307692307693,9.626901535210392,3,5.0,0.5546470848148529,3,5.0
27875.0,3,5.0,0.2,8.448388292344124,3,8.0,0.510984658324093,3,8.0
27880.0,4,24.0,0.9230769230769231,8.793256038121063,4,27.0,0.4937554027511781,4,27.0
27885.0,3,16.0,0.5925925925925926,8.140892601481237,3,37.0,0.4722902284818503,3,37.0
27890.0,2,4.0,0.13333333333333333,8.922602275780218,1,25.0,0.5439414456237073,1,25.0
27895.0,2,1.0,0.03571428571428571,8.77314631453613,1,13.0,0.5432281024242245,1,13.0
27900.0,7,20.0,0.6896551724137931,8.103709701471919,6,32.0,0.4865708916219853,6,32.0
27905.0,2,8.0,0.32,8.762502914052705,2,33.0,0.550663002966979,2,33.0
27910.0,2,6.0,0.24,9.994998190269284,2,10.0,0.6109113302410091,2,10.0
27915.0,3,19.0,0.8260869565217391,9.90981034996723,3,19.0,0.5662223998748085,3,19.0
27920.0,1,0.0,0.0,10.467439425211937,1,6.0,0.6603748295116377,1,6.0
27925.0,3,8.0,0.38095238095238093,10.202776819906354,3,8.0,0.6095243932005717,3,8.0
27930.0,0,0.0,0.0,9.363529131210644,0,2.0,0.605706971097522,0,2.0
27935.0,2,2.0,0.1111111111111111,10.251888628637838,2,2.0,0.641480169067444,2,2.0
27940.0,3,13.0,0.8666666666666667,9.187689329362762,3,13.0,0.5181018843070602,3,13.0
27945.0,0,0.0,0.0,9.384782121814432,0,7.0,0.6529844919471208,0,7.0
27950.0,2,2.0,0.15384615384615385,9.316660872829079,2,2.0,0.5482870514386302,2,2.0
27955.0,0,0.0,0.0,10.188551435946342,0,1.0,0.8276666769267301,0,1.0
27960.0,0,0.0,0.0,11.559632872312521,0,0.0,0.7489068256661919,0,0.0
27965.0,0,0.0,0.0,11.19781335419587,0,0.0,0.7667818428077765,0,0.0
27970.0,3,5.0,0.4166666666666667,9.67987044843072,3,5.0,0.6616653081114809,3,5.0
27975.0,1,6.0,0.5,10.270075625218546,1,6.0,0.7582479193321059,1,6.0
27980.0,1,11.0,0.9166666666666666,11.468749252047624,1,11.0,0.7529214882939105,1,11.0
27985.0,1,0.0,0.0,9.169919899262528,1,0.0,0.6227693342690591,1,0.0
27990.0,2,4.0,0.4444444444444444,5.866260784888741,2,4.0,0.18668855463827394,2,4.0
27995.0,1,1.0,0.1,4.900841946807839,1,8.0,0.24330818553930494,1,8.0
28000.0,1,3.0,0.25,9.053623830014201,1,5.0,0.5242976492673751,1,5.0
28005.0,2,8.0,0.6666666666666666,10.401956682714037,2,8.0,0.5723933757926996,2,8.0
28010.0,2,13.0,1.3,8.851962633528201,2,13.0,0.6324410263985156,2,13.0
28015.0,1,18.0,1.6363636363636365,10.352605933782728,1,18.0,0.740373877973865,1,18.0
28020.0,1,23.0,1.9166666666666667,10.138687446042644,1,23.0,0.7330038405423425,1,23.0
28025.0,1,28.0,2.3333333333333335,9.799363316500447,1,28.0,0.7402071392357136,1,28.0
28030.0,2,33.0,2.5384615384615383,9.746761465864084,2,33.0,0.6430178849455974,2,33.0
28035.0,2,1.0,0.06666666666666667,7.994165296769598,2,1.0,0.48190036922649054,2,1.0
28040.0,3,13.0,0.8125,6.988255547438154,3,13.0,0.3817427265110407,3,13.0
28045.0,4,8.0,0.4,6.208475182063446,4,22.0,0.3482396248282065,4,22.0
28050.0,4,7.0,0.3181818181818182,7.8760207085290626,4,14.0,0.4397645262707911,4,14.0
28055.0,5,25.0,1.0869565217391304,9.2211314408952,5,26.0,0.5060350100834983,5,26.0
28060.0,2,7.0,0.30434782608695654,7.386812871784321,2,27.0,0.4775274405549014,2,27.0
28065.0,4,11.0,0.4074074074074074,8.662992540511999,4,13.0,0.5015717646246248,4,13.0
28070.0,4,7.0,0.25925925925925924,7.5260366577156175,4,18.0,0.41967691297797727,4,18.0
28075.0,4,16.0,0.6153846153846154,7.800677908562468,4,23.0,0.4543401289155882,4,23.0
28080.0,4,5.0,0.17857142857142858,6.458242867383513,4,27.0,0.4199937647562945,4,27.0
28085.0,5,21.0,0.6774193548387096,7.482563234826838,5,27.0,0.41805757155641265,5,27.0
28090.0,7,22.0,0.6666666666666666,7.802812126144798,7,41.0,0.41210404257701444,7,41.0
28095.0,5,19.0,0.5428571428571428,8.104773501305674,5,41.0,0.4337706394255072,5,41.0
28100.0,0,0.0,0.0,8.95770607615483,0,34.0,0.49456059124948637,0,34.0
28105.0,5,16.0,0.43243243243243246,8.548727850205864,5,38.0,0.39864282525009004,5,38.0
28110.0,5,10.0,0.2857142857142857,8.031160970419583,5,45.0,0.42735814642764086,5,45.0
28115.0,2,6.0,0.1875,9.066887156376414,2,22.0,0.5417375017365326,2,22.0
28120.0,5,17.0,0.5151515151515151,9.631350287004722,3,12.0,0.5569227300032905,3,12.0
28125.0,3,21.0,0.7241379310344828,10.329508262691718,3,21.0,0.6189113273105756,3,21.0
28130.0,6,47.0,1.6206896551724137,8.589583651657435,6,47.0,0.4959004208781333,6,47.0
28135.0,6,50.0,1.7857142857142858,7.871147146333167,6,50.0,0.4763386130296308,6,50.0
28140.0,11,88.0,2.933333333333333,7.324667005135378,11,88.0,0.39234054745521085,11,88.0
28145.0,4,22.0,0.8148148148148148,7.182063520407078,4,70.0,0.478960739139654,4,70.0
28150.0,2,6.0,0.1935483870967742,9.62535814959585,2,17.0,0.5809912405919282,2,17.0
28155.0,2,3.0,0.1111111111111111,8.277850866734038,2,21.0,0.4615283570259332,2,21.0
28160.0,6,24.0,0.9230769230769231,7.009131049836634,6,35.0,0.3746681044406679,6,35.0
28165.0,5,10.0,0.3448275862068966,7.386764208483002,5,39.0,0.3693066403244073,5,39.0
28170.0,3,13.0,0.43333333333333335,7.957046482084022,3,21.0,0.42085387409502956,3,21.0
28175.0,6,13.0,0.43333333333333335,7.252905499391967,6,35.0,0.28003812743586104,6,35.0
28180.0,8,36.0,1.3846153846153846,7.347282222582956,8,46.0,0.27943200015847564,8,46.0
28185.0,2,4.0,0.16666666666666666,8.137759625220582,2,37.0,0.4225379623224978,2,37.0
28190.0,4,15.0,0.6521739130434783,8.138018264871203,4,27.0,0.42947342579232023,4,27.0
28195.0,1,4.0,0.17391304347826086,9.84987460497346,1,26.0,0.5244858226117659,1,26.0
28200.0,3,16.0,0.6666666666666666,8.766401407673271,3,22.0,0.47720114976544425,3,22.0
28205.0,2,1.0,0.037037037037037035,9.07762529250842,2,8.0,0.5724604435252528,2,8.0
28210.0,3,6.0,0.23076923076923078,10.31494209275866,0,0.0,0.7195179739698045,0,0.0
28215.0,3,2.0,0.07407407407407407,9.025881269128593,2,5.0,0.47695066213278114,2,5.0
28220.0,5,15.0,0.5,8.41813422440202,4,15.0,0.4062580869045524,4,15.0
28225.0,4,18.0,0.6428571428571429,8.14597656892878,3,18.0,0.4893196772538839,3,18.0
28230.0,5,38.0,1.4074074074074074,9.370244428843751,5,38.0,0.3993808872939436,5,38.0
28235.0,2,2.0,0.08,9.039628408713025,2,10.0,0.42042001283122554,2,10.0
28240.0,1,7.0,0.3181818181818182,11.036450338151017,1,7.0,0.6504718027718235,1,7.0
28245.0,0,0.0,0.0,11.255290712947534,0,0.0,0.7450974766013376,0,0.0
28250.0,1,2.0,0.1,11.55921398748374,0,0.0,0.8760432789412292,0,0.0
28255.0,0,0.0,0.0,11.694941626291948,0,0.0,0.7781257654026157,0,0.0
28260.0,1,4.0,0.23529411764705882,11.300278005014013,1,4.0,0.6735460530288552,1,4.0
28265.0,3,10.0,0.5555555555555556,9.28721219319283,3,10.0,0.5795880456780147,3,10.0
28270.0,3,14.0,0.6666666666666666,7.955435650488462,3,14.0,0.4930129790487995,3,14.0
28275.0,2,22.0,1.1578947368421053,9.845270969780366,1,19.0,0.6576934326894474,1,19.0
28280.0,3,34.0,1.7894736842105263,10.047719132968771,1,24.0,0.6646792860198462,1,24.0
28285.0,1,29.0,1.6111111111111112,9.937985839647006,1,29.0,0.6955497890130418,1,29.0
28290.0,2,34.0,1.619047619047619,10.251511774787648,2,34.0,0.5821146838980109,2,34.0
28295.0,5,44.0,2.2,8.082696699187869,5,44.0,0.4708639392930991,5,44.0
28300.0,2,9.0,0.45,6.776904609904368,2,13.0,0.3651229158629744,2,13.0
28305.0,5,31.0,1.3478260869565217,7.702736826350303,5,31.0,0.24829645143938706,5,31.0
28310.0,5,4.0,0.17391304347826086,6.618345163460674,4,22.0,0.2370256116536775,4,22.0
28315.0,5,8.0,0.32,7.913710911048631,4,7.0,0.2649082530581237,4,7.0
28320.0,3,4.0,0.14814814814814814,8.454222768088258,3,14.0,0.24813470608963842,3,14.0
28325.0,7,23.0,0.8214285714285714,8.388965461230915,7,25.0,0.1965951459683398,7,25.0
28330.0,1,1.0,0.041666666666666664,7.1665434086629345,1,18.0,0.22836769485518912,1,18.0
28335.0,6,13.0,0.48148148148148145,7.7929798841132785,5,13.0,0.16071780045797593,5,13.0
28340.0,4,15.0,0.5769230769230769,8.60927120547553,4,28.0,0.18097013182383248,4,28.0
28345.0,2,1.0,0.043478260869565216,9.324642640732026,1,24.0,0.2621468125707122,1,24.0
28350.0,2,3.0,0.13636363636363635,8.291082242099106,2,20.0,0.1573665670631753,2,20.0
28355.0,5,19.0,0.8260869565217391,9.066092861605627,5,36.0,0.13846241144470578,5,36.0
28360.0,1,5.0,0.20833333333333334,8.621670999997601,1,30.0,0.21106572770011964,1,30.0
28365.0,2,5.0,0.20833333333333334,10.12746393802338,2,13.0,0.2911400088435051,2,13.0
28370.0,1,2.0,0.1,8.675288367290557,1,5.0,0.3054560463852124,1,5.0
28375.0,5,14.0,0.6363636363636364,8.522034243332126,5,15.0,0.14492133501323654,5,15.0
28380.0,2,2.0,0.09090909090909091,8.796808073350924,2,7.0,0.2924864141910412,2,7.0
28385.0,2,10.0,0.5,10.102625682157528,2,11.0,0.19740583629114083,2,11.0
28390.0,0,0.0,0.0,8.786377334350247,0,6.0,0.3041991496024422,0,6.0
28395.0,1,0.0,0.0,10.140506007364795,1,0.0,0.4226751605908358,1,0.0
28400.0,0,0.0,0.0,10.242764366972617,0,0.0,0.2701352639380711,0,0.0
28405.0,1,4.0,0.26666666666666666,8.765120417480697,1,4.0,0.3074078708121406,1,4.0
28410.0,1,0.0,0.0,6.90714014036099,1,1.0,0.2588824480667173,1,1.0
28415.0,2,4.0,0.18181818181818182,9.879134233710774,2,4.0,0.4432979559990576,2,4.0
28420.0,1,1.0,0.043478260869565216,10.228856244130812,1,1.0,0.46781453705198955,1,1.0
28425.0,3,8.0,0.34782608695652173,9.445858378911032,2,8.0,0.2956696401013167,2,8.0
28430.0,0,0.0,0.0,9.129396750152235,0,5.0,0.3672615399350001,0,5.0
28435.0,1,3.0,0.125,10.719637924418933,1,3.0,0.46860506544107017,1,3.0
28440.0,2,11.0,0.4782608695652174,10.564730176267433,2,11.0,0.041622955346249234,2,11.0
28445.0,5,21.0,0.875,8.544359640089851,4,21.0,0.25980549177693063,4,21.0
28450.0,3,1.0,0.04,8.264471983285855,2,6.0,0.27531080511251527,2,6.0
28455.0,3,11.0,0.4583333333333333,10.673654792000278,3,11.0,0.31776544918226135,3,11.0
28460.0,2,19.0,0.95,9.355287446534502,2,19.0,0.2070177413983482,2,19.0
28465.0,6,41.0,2.411764705882353,6.663988005199077,6,42.0,0.1273811808912322,6,42.0
28470.0,4,30.0,2.0,5.328077983351176,4,47.0,0.1506021011740589,4,47.0
28475.0,4,50.0,3.3333333333333335,7.692783349371775,4,51.0,0.15526534244075232,4,51.0
28480.0,0,0.0,0.0,7.56724363530515,0,18.0,0.23402184544921933,0,18.0
28485.0,1,0.0,0.0,10.557990419296322,1,0.0,0.3574457045674606,1,0.0
28490.0,0,0.0,0.0,8.849915650037298,0,0.0,0.3689817116477552,0,0.0
28495.0,1,4.0,0.3333333333333333,10.184382785475195,1,4.0,0.3656393189326654,1,4.0
28500.0,1,1.0,0.09090909090909091,7.761281132715921,1,1.0,0.2906595093886194,1,1.0
28505.0,2,6.0,0.6,8.5049476164261,2,6.0,0.278147094075566,2,6.0
28510.0,2,1.0,0.09090909090909091,7.967817892466926,2,1.0,0.2674681952811437,2,1.0
28515.0,2,10.0,0.7692307692307693,7.488452712446757,2,11.0,0.2455413622021721,2,11.0
28520.0,1,1.0,0.06666666666666667,8.47594566651977,1,12.0,0.2768842847527098,1,12.0
28525.0,0,0.0,0.0,10.912219235252241,0,0.0,0.29529045426774747,0,0.0
28530.0,1,0.0,0.0,10.87707099709194,1,0.0,0.3633418232868255,1,0.0
28535.0,1,0.0,0.0,12.217324242841256,1,0.0,0.33780797228553394,1,0.0
28540.0,1,0.0,0.0,10.665271594916007,1,0.0,0.3635087380975728,1,0.0
28545.0,1,1.0,0.058823529411764705,10.19585319762469,1,1.0,0.3138303771769301,1,1.0
28550.0,3,13.0,0.7222222222222222,7.924440944695942,3,13.0,0.19415463944165182,3,13.0
28555.0,1,1.0,0.047619047619047616,9.186811522694663,1,10.0,0.36015000636888644,1,10.0
28560.0,0,0.0,0.0,10.225127046328115,0,0.0,0.4494398129054955,0,0.0
28565.0,3,4.0,0.2222222222222222,10.012420905250114,3,4.0,0.23679020708794266,3,4.0
28570.0,5,20.0,1.4285714285714286,6.235156704467103,5,20.0,0.14049791915285245,5,20.0
28575.0,2,7.0,0.5384615384615384,5.78630952573484,2,21.0,0.15768259681749985,2,21.0
28580.0,2,0.0,0.0,6.953017767881012,1,4.0,0.14234635892332217,1,4.0
28585.0,1,0.0,0.0,10.41721843409429,0,0.0,0.4978039173257695,0,0.0
28590.0,0,0.0,0.0,11.801629386808585,0,0.0,0.42177451661747395,0,0.0
28595.0,0,0.0,0.0,12.100035938244272,0,0.0,0.35008123445354605,0,0.0
28600.0,2,6.0,0.4,9.891475334226628,2,6.0,0.3564626258900018,2,6.0
28605.0,0,0.0,0.0,9.251182724970773,0,0.0,0.3577311144748846,0,0.0
28610.0,3,5.0,0.3125,9.461596503907485,2,5.0,0.32080861238721786,2,5.0
28615.0,0,0.0,0.0,8.615734895137788,0,0.0,0.4297930274419064,0,0.0
28620.0,2,5.0,0.3333333333333333,7.692730305448497,2,5.0,0.3188737455987716,2,5.0
28625.0,0,0.0,0.0,7.52260940856281,0,6.0,0.4237181134133076,0,6.0
28630.0,3,2.0,0.09523809523809523,9.505656334340003,3,2.0,0.42033687655639307,3,2.0
28635.0,0,0.0,0.0,11.110164180234698,0,0.0,0.5551636061707828,0,0.0
28640.0,1,2.0,0.125,8.745406264280394,1,2.0,0.33746597430876496,1,2.0
28645.0,1,1.0,0.05263157894736842,8.087826228499205,1,3.0,0.3501029734387668,1,3.0
28650.0,3,11.0,0.5,9.176317228769157,3,13.0,0.2455916537260369,3,13.0
28655.0,0,0.0,0.0,7.4304855486553665,0,9.0,0.2644267477687217,0,9.0
28660.0,2,3.0,0.14285714285714285,9.244997816477765,2,3.0,0.33167893353810074,2,3.0
28665.0,2,1.0,0.05263157894736842,8.573957855312502,2,3.0,0.24554189346736177,2,3.0
28670.0,4,14.0,0.7777777777777778,8.426119896161532,4,14.0,0.12588935311451374,4,14.0
28675.0,1,0.0,0.0,9.137604048932177,1,9.0,0.32188838847618234,1,9.0
28680.0,2,3.0,0.2,9.175647155685605,2,3.0,0.22630465869976288,2,3.0
28685.0,0,0.0,0.0,9.09047953166452,0,2.0,0.27304508660614024,0,2.0
28690.0,1,0.0,0.0,11.558130824375954,1,0.0,0.4434598082987069,1,0.0
28695.0,0,0.0,0.0,11.022265638660878,0,0.0,0.4915545649603765,0,0.0
28700.0,1,4.0,0.2857142857142857,10.022326526160251,1,4.0,0.5953697484985094,1,4.0
28705.0,0,0.0,0.0,9.812204634175801,0,1.0,0.6320386747655227,0,1.0
28710.0,0,0.0,0.0,11.90433436653729,0,0.0,0.703437772441354,0,0.0
28715.0,1,0.0,0.0,10.763184267699305,1,0.0,0.6070137574155283,1,0.0
28720.0,2,3.0,0.23076923076923078,6.973866971624874,1,3.0,0.5005766265174468,1,3.0
28725.0,1,0.0,0.0,8.119768558090865,0,2.0,0.5542263144115135,0,2.0
28730.0,3,3.0,0.16666666666666666,9.394210764550373,2,3.0,0.4914948721847063,2,3.0
28735.0,1,1.0,0.0625,7.375318310268429,1,1.0,0.2704182727682291,1,1.0
28740.0,5,13.0,0.7647058823529411,6.890484207698666,4,13.0,0.2612023155033834,4,13.0
28745.0,0,0.0,0.0,6.52574215981624,0,2.0,0.3364193072789968,0,2.0
28750.0,0,0.0,0.0,11.745486987222263,0,0.0,0.46001156215477385,0,0.0
28755.0,2,3.0,0.375,5.794004561541184,2,3.0,0.3601171667595548,2,3.0
28760.0,3,18.0,2.0,7.590482023207364,3,18.0,0.37584097792596455,3,18.0
28765.0,3,33.0,3.0,6.753472845470904,3,33.0,0.19804257273002834,3,33.0
28770.0,4,48.0,3.4285714285714284,7.315627099716833,4,48.0,0.1442652161469491,4,48.0
28775.0,4,64.0,4.0,8.130611187106023,4,64.0,0.24631005569426892,4,64.0
28780.0,6,82.0,5.125,5.394477888414506,6,82.0,0.19388403543374563,6,82.0
28785.0,6,98.0,5.157894736842105,5.445341496051584,6,101.0,0.21458807035341296,6,101.0
28790.0,7,128.0,6.4,6.137583532989005,7,129.0,0.19669833130178987,7,129.0
28795.0,3,3.0,0.15789473684210525,5.949667921589752,3,56.0,0.18782991250693215,3,56.0
28800.0,4,10.0,0.5,7.3324015239851175,4,13.0,0.12257967376056284,4,13.0
28805.0,4,9.0,0.6,6.651821250239689,4,26.0,0.11965967434586654,4,26.0
28810.0,2,9.0,0.6,7.949015561414588,2,26.0,0.10288218193487104,2,26.0
28815.0,1,13.0,1.0833333333333333,11.39995636658633,1,22.0,0.30230430851092466,1,22.0
28820.0,1,18.0,2.0,13.526839493631206,1,18.0,0.0,1,18.0
28825.0,1,23.0,5.75,10.751920866340294,1,23.0,0.0,1,23.0
28830.0,1,28.0,28.0,0.0,1,28.0,0.0,1,28.0
28835.0,0,0.0,0.0,5.700553763518109,0,0.0,1.0,0,0.0
28840.0,0,0.0,0.0,12.870821942854256,0,0.0,1.0,0,0.0
28845.0,0,0.0,0.0,13.185671701351694,0,0.0,1.0,0,0.0
28850.0,0,0.0,0.0,13.492224902007312,0,0.0,1.0,0,0.0
28855.0,0,0.0,0.0,12.980173747730024,0,0.0,1.0,0,0.0
28860.0,0,0.0,0.0,13.260548584581867,0,0.0,1.0,0,0.0
28865.0,0,0.0,0.0,0.0,0,0.0,1.0,0,0.0
28870.0,0,0.0,0.0,0.0,0,0.0,1.0,0,0.0
28875.0,0,0.0,0.0,0.0,0,0.0,1.0,0,0.0
28880.0,0,0.0,0.0,0.0,0,0.0,1.0,0,0.0
28885.0,0,0.0,0.0,0.0,0,0.0,1.0,0,0.0
28890.0,0,0.0,0.0,0.0,0,0.0,1.0,0,0.0
28895.0,0,0.0,0.0,0.0,0,0.0,1.0,0,0.0
28900.0,0,0.0,0.0,0.0,0,0.0,1.0,0,0.0
28905.0,0,0.0,0.0,0.0,0,0.0,1.0,0,0.0
28910.0,0,0.0,0.0,0.0,0,0.0,1.0,0,0.0
28915.0,0,0.0,0.0,0.0,0,0.0,1.0,0,0.0
28920.0,0,0.0,0.0,0.0,0,0.0,1.0,0,0.0
28925.0,0,0.0,0.0,0.0,0,0.0,1.0,0,0.0
28930.0,0,0.0,0.0,0.0,0,0.0,1.0,0,0.0
28935.0,0,0.0,0.0,0.0,0,0.0,1.0,0,0.0
28940.0,0,0.0,0.0,0.0,0,0.0,1.0,0,0.0
28945.0,0,0.0,0.0,0.0,0,0.0,1.0,0,0.0
28950.0,0,0.0,0.0,0.0,0,0.0,1.0,0,0.0
28955.0,0,0.0,0.0,0.0,0,0.0,1.0,0,0.0
28960.0,0,0.0,0.0,0.0,0,0.0,1.0,0,0.0
28965.0,0,0.0,0.0,0.0,0,0.0,1.0,0,0.0
28970.0,0,0.0,0.0,0.0,0,0.0,1.0,0,0.0
28975.0,0,0.0,0.0,0.0,0,0.0,1.0,0,0.0
28980.0,0,0.0,0.0,0.0,0,0.0,1.0,0,0.0
28985.0,0,0.0,0.0,0.0,0,0.0,1.0,0,0.0
28990.0,0,0.0,0.0,0.0,0,0.0,1.0,0,0.0
28995.0,0,0.0,0.0,0.0,0,0.0,1.0,0,0.0
29000.0,0,0.0,0.0,0.0,0,0.0,1.0,0,0.0
29005.0,0,0.0,0.0,0.0,0,0.0,1.0,0,0.0
29010.0,0,0.0,0.0,0.0,0,0.0,1.0,0,0.0
29015.0,0,0.0,0.0,0.0,0,0.0,1.0,0,0.0
29020.0,0,0.0,0.0,0.0,0,0.0,1.0,0,0.0
29025.0,0,0.0,0.0,0.0,0,0.0,1.0,0,0.0
29030.0,0,0.0,0.0,0.0,0,0.0,1.0,0,0.0
29035.0,0,0.0,0.0,0.0,0,0.0,1.0,0,0.0
29040.0,0,0.0,0.0,0.0,0,0.0,1.0,0,0.0
29045.0,0,0.0,0.0,0.0,0,0.0,1.0,0,0.0
29050.0,0,0.0,0.0,0.0,0,0.0,1.0,0,0.0
29055.0,0,0.0,0.0,0.0,0,0.0,1.0,0,0.0
29060.0,0,0.0,0.0,0.0,0,0.0,1.0,0,0.0
29065.0,0,0.0,0.0,0.0,0,0.0,1.0,0,0.0
29070.0,0,0.0,0.0,0.0,0,0.0,1.0,0,0.0
29075.0,0,0.0,0.0,0.0,0,0.0,1.0,0,0.0
29080.0,0,0.0,0.0,0.0,0,0.0,1.0,0,0.0
29085.0,0,0.0,0.0,0.0,0,0.0,1.0,0,0.0
29090.0,0,0.0,0.0,0.0,0,0.0,1.0,0,0.0
29095.0,0,0.0,0.0,0.0,0,0.0,1.0,0,0.0
29100.0,0,0.0,0.0,0.0,0,0.0,1.0,0,0.0
29105.0,0,0.0,0.0,0.0,0,0.0,1.0,0,0.0
29110.0,0,0.0,0.0,0.0,0,0.0,1.0,0,0.0
29115.0,0,0.0,0.0,0.0,0,0.0,1.0,0,0.0
29120.0,0,0.0,0.0,0.0,0,0.0,1.0,0,0.0
29125.0,0,0.0,0.0,0.0,0,0.0,1.0,0,0.0
29130.0,0,0.0,0.0,0.0,0,0.0,1.0,0,0.0
29135.0,0,0.0,0.0,0.0,0,0.0,1.0,0,0.0
29140.0,0,0.0,0.0,0.0,0,0.0,1.0,0,0.0
29145.0,0,0.0,0.0,0.0,0,0.0,1.0,0,0.0
29150.0,0,0.0,0.0,0.0,0,0.0,1.0,0,0.0
29155.0,0,0.0,0.0,0.0,0,0.0,1.0,0,0.0
29160.0,0,0.0,0.0,0.0,0,0.0,1.0,0,0.0
29165.0,0,0.0,0.0,0.0,0,0.0,1.0,0,0.0
29170.0,0,0.0,0.0,0.0,0,0.0,1.0,0,0.0
29175.0,0,0.0,0.0,0.0,0,0.0,1.0,0,0.0
29180.0,0,0.0,0.0,0.0,0,0.0,1.0,0,0.0
29185.0,0,0.0,0.0,0.0,0,0.0,1.0,0,0.0
29190.0,0,0.0,0.0,0.0,0,0.0,1.0,0,0.0
29195.0,0,0.0,0.0,0.0,0,0.0,1.0,0,0.0
29200.0,0,0.0,0.0,0.0,0,0.0,1.0,0,0.0
29205.0,0,0.0,0.0,0.0,0,0.0,1.0,0,0.0
29210.0,0,0.0,0.0,0.0,0,0.0,1.0,0,0.0
29215.0,0,0.0,0.0,0.0,0,0.0,1.0,0,0.0
29220.0,0,0.0,0.0,0.0,0,0.0,1.0,0,0.0
29225.0,0,0.0,0.0,0.0,0,0.0,1.0,0,0.0
29230.0,0,0.0,0.0,0.0,0,0.0,1.0,0,0.0
29235.0,0,0.0,0.0,0.0,0,0.0,1.0,0,0.0
29240.0,0,0.0,0.0,0.0,0,0.0,1.0,0,0.0
29245.0,0,0.0,0.0,0.0,0,0.0,1.0,0,0.0
29250.0,0,0.0,0.0,0.0,0,0.0,1.0,0,0.0
29255.0,0,0.0,0.0,0.0,0,0.0,1.0,0,0.0
29260.0,0,0.0,0.0,0.0,0,0.0,1.0,0,0.0
29265.0,0,0.0,0.0,0.0,0,0.0,1.0,0,0.0
29270.0,0,0.0,0.0,0.0,0,0.0,1.0,0,0.0
29275.0,0,0.0,0.0,0.0,0,0.0,1.0,0,0.0
29280.0,0,0.0,0.0,0.0,0,0.0,1.0,0,0.0
29285.0,0,0.0,0.0,0.0,0,0.0,1.0,0,0.0
29290.0,0,0.0,0.0,0.0,0,0.0,1.0,0,0.0
29295.0,0,0.0,0.0,0.0,0,0.0,1.0,0,0.0
29300.0,0,0.0,0.0,0.0,0,0.0,1.0,0,0.0
29305.0,0,0.0,0.0,0.0,0,0.0,1.0,0,0.0
29310.0,0,0.0,0.0,0.0,0,0.0,1.0,0,0.0
29315.0,0,0.0,0.0,0.0,0,0.0,1.0,0,0.0
29320.0,0,0.0,0.0,0.0,0,0.0,1.0,0,0.0
29325.0,0,0.0,0.0,0.0,0,0.0,1.0,0,0.0
29330.0,0,0.0,0.0,0.0,0,0.0,1.0,0,0.0
29335.0,0,0.0,0.0,0.0,0,0.0,1.0,0,0.0
29340.0,0,0.0,0.0,0.0,0,0.0,1.0,0,0.0
29345.0,0,0.0,0.0,0.0,0,0.0,1.0,0,0.0
29350.0,0,0.0,0.0,0.0,0,0.0,1.0,0,0.0
29355.0,0,0.0,0.0,0.0,0,0.0,1.0,0,0.0
29360.0,0,0.0,0.0,0.0,0,0.0,1.0,0,0.0
29365.0,0,0.0,0.0,0.0,0,0.0,1.0,0,0.0
29370.0,0,0.0,0.0,0.0,0,0.0,1.0,0,0.0
29375.0,0,0.0,0.0,0.0,0,0.0,1.0,0,0.0
29380.0,0,0.0,0.0,0.0,0,0.0,1.0,0,0.0
29385.0,0,0.0,0.0,0.0,0,0.0,1.0,0,0.0
29390.0,0,0.0,0.0,0.0,0,0.0,1.0,0,0.0
29395.0,0,0.0,0.0,0.0,0,0.0,1.0,0,0.0
29400.0,0,0.0,0.0,0.0,0,0.0,1.0,0,0.0
29405.0,0,0.0,0.0,0.0,0,0.0,1.0,0,0.0
29410.0,0,0.0,0.0,0.0,0,0.0,1.0,0,0.0
29415.0,0,0.0,0.0,0.0,0,0.0,1.0,0,0.0
29420.0,0,0.0,0.0,0.0,0,0.0,1.0,0,0.0
29425.0,0,0.0,0.0,0.0,0,0.0,1.0,0,0.0
29430.0,0,0.0,0.0,0.0,0,0.0,1.0,0,0.0
29435.0,0,0.0,0.0,0.0,0,0.0,1.0,0,0.0
29440.0,0,0.0,0.0,0.0,0,0.0,1.0,0,0.0
29445.0,0,0.0,0.0,0.0,0,0.0,1.0,0,0.0
29450.0,0,0.0,0.0,0.0,0,0.0,1.0,0,0.0
29455.0,0,0.0,0.0,0.0,0,0.0,1.0,0,0.0
29460.0,0,0.0,0.0,0.0,0,0.0,1.0,0,0.0
29465.0,0,0.0,0.0,0.0,0,0.0,1.0,0,0.0
29470.0,0,0.0,0.0,0.0,0,0.0,1.0,0,0.0
29475.0,0,0.0,0.0,0.0,0,0.0,1.0,0,0.0
29480.0,0,0.0,0.0,0.0,0,0.0,1.0,0,0.0
29485.0,0,0.0,0.0,0.0,0,0.0,1.0,0,0.0
29490.0,0,0.0,0.0,0.0,0,0.0,1.0,0,0.0
29495.0,0,0.0,0.0,0.0,0,0.0,1.0,0,0.0
29500.0,0,0.0,0.0,0.0,0,0.0,1.0,0,0.0
29505.0,0,0.0,0.0,0.0,0,0.0,1.0,0,0.0
29510.0,0,0.0,0.0,0.0,0,0.0,1.0,0,0.0
29515.0,0,0.0,0.0,0.0,0,0.0,1.0,0,0.0
29520.0,0,0.0,0.0,0.0,0,0.0,1.0,0,0.0
29525.0,0,0.0,0.0,0.0,0,0.0,1.0,0,0.0
29530.0,0,0.0,0.0,0.0,0,0.0,1.0,0,0.0
29535.0,0,0.0,0.0,0.0,0,0.0,1.0,0,0.0
29540.0,0,0.0,0.0,0.0,0,0.0,1.0,0,0.0
29545.0,0,0.0,0.0,0.0,0,0.0,1.0,0,0.0
29550.0,0,0.0,0.0,0.0,0,0.0,1.0,0,0.0
29555.0,0,0.0,0.0,0.0,0,0.0,1.0,0,0.0
29560.0,0,0.0,0.0,0.0,0,0.0,1.0,0,0.0
29565.0,0,0.0,0.0,0.0,0,0.0,1.0,0,0.0
29570.0,0,0.0,0.0,0.0,0,0.0,1.0,0,0.0
29575.0,0,0.0,0.0,0.0,0,0.0,1.0,0,0.0
29580.0,0,0.0,0.0,0.0,0,0.0,1.0,0,0.0
29585.0,0,0.0,0.0,0.0,0,0.0,1.0,0,0.0
29590.0,0,0.0,0.0,0.0,0,0.0,1.0,0,0.0
29595.0,0,0.0,0.0,0.0,0,0.0,1.0,0,0.0
29600.0,0,0.0,0.0,0.0,0,0.0,1.0,0,0.0
29605.0,0,0.0,0.0,0.0,0,0.0,1.0,0,0.0
29610.0,0,0.0,0.0,0.0,0,0.0,1.0,0,0.0
29615.0,0,0.0,0.0,0.0,0,0.0,1.0,0,0.0
29620.0,0,0.0,0.0,0.0,0,0.0,1.0,0,0.0
29625.0,0,0.0,0.0,0.0,0,0.0,1.0,0,0.0
29630.0,0,0.0,0.0,0.0,0,0.0,1.0,0,0.0
29635.0,0,0.0,0.0,0.0,0,0.0,1.0,0,0.0
29640.0,0,0.0,0.0,0.0,0,0.0,1.0,0,0.0
29645.0,0,0.0,0.0,0.0,0,0.0,1.0,0,0.0
29650.0,0,0.0,0.0,0.0,0,0.0,1.0,0,0.0
29655.0,0,0.0,0.0,0.0,0,0.0,1.0,0,0.0
29660.0,0,0.0,0.0,0.0,0,0.0,1.0,0,0.0
29665.0,0,0.0,0.0,0.0,0,0.0,1.0,0,0.0
29670.0,0,0.0,0.0,0.0,0,0.0,1.0,0,0.0
29675.0,0,0.0,0.0,0.0,0,0.0,1.0,0,0.0
29680.0,0,0.0,0.0,0.0,0,0.0,1.0,0,0.0
29685.0,0,0.0,0.0,0.0,0,0.0,1.0,0,0.0
29690.0,0,0.0,0.0,0.0,0,0.0,1.0,0,0.0
29695.0,0,0.0,0.0,0.0,0,0.0,1.0,0,0.0
29700.0,0,0.0,0.0,0.0,0,0.0,1.0,0,0.0
29705.0,0,0.0,0.0,0.0,0,0.0,1.0,0,0.0
29710.0,0,0.0,0.0,0.0,0,0.0,1.0,0,0.0
29715.0,0,0.0,0.0,0.0,0,0.0,1.0,0,0.0
29720.0,0,0.0,0.0,0.0,0,0.0,1.0,0,0.0
29725.0,0,0.0,0.0,0.0,0,0.0,1.0,0,0.0
29730.0,0,0.0,0.0,0.0,0,0.0,1.0,0,0.0
29735.0,0,0.0,0.0,0.0,0,0.0,1.0,0,0.0
29740.0,0,0.0,0.0,0.0,0,0.0,1.0,0,0.0
29745.0,0,0.0,0.0,0.0,0,0.0,1.0,0,0.0
29750.0,0,0.0,0.0,0.0,0,0.0,1.0,0,0.0
29755.0,0,0.0,0.0,0.0,0,0.0,1.0,0,0.0
29760.0,0,0.0,0.0,0.0,0,0.0,1.0,0,0.0
29765.0,0,0.0,0.0,0.0,0,0.0,1.0,0,0.0
29770.0,0,0.0,0.0,0.0,0,0.0,1.0,0,0.0
29775.0,0,0.0,0.0,0.0,0,0.0,1.0,0,0.0
29780.0,0,0.0,0.0,0.0,0,0.0,1.0,0,0.0
29785.0,0,0.0,0.0,0.0,0,0.0,1.0,0,0.0
29790.0,0,0.0,0.0,0.0,0,0.0,1.0,0,0.0
29795.0,0,0.0,0.0,0.0,0,0.0,1.0,0,0.0
29800.0,0,0.0,0.0,0.0,0,0.0,1.0,0,0.0
29805.0,0,0.0,0.0,0.0,0,0.0,1.0,0,0.0
29810.0,0,0.0,0.0,0.0,0,0.0,1.0,0,0.0
29815.0,0,0.0,0.0,0.0,0,0.0,1.0,0,0.0
29820.0,0,0.0,0.0,0.0,0,0.0,1.0,0,0.0
29825.0,0,0.0,0.0,0.0,0,0.0,1.0,0,0.0
29830.0,0,0.0,0.0,0.0,0,0.0,1.0,0,0.0
29835.0,0,0.0,0.0,0.0,0,0.0,1.0,0,0.0
29840.0,0,0.0,0.0,0.0,0,0.0,1.0,0,0.0
29845.0,0,0.0,0.0,0.0,0,0.0,1.0,0,0.0
29850.0,0,0.0,0.0,0.0,0,0.0,1.0,0,0.0
29855.0,0,0.0,0.0,0.0,0,0.0,1.0,0,0.0
29860.0,0,0.0,0.0,0.0,0,0.0,1.0,0,0.0
29865.0,0,0.0,0.0,0.0,0,0.0,1.0,0,0.0
29870.0,0,0.0,0.0,0.0,0,0.0,1.0,0,0.0
29875.0,0,0.0,0.0,0.0,0,0.0,1.0,0,0.0
29880.0,0,0.0,0.0,0.0,0,0.0,1.0,0,0.0
29885.0,0,0.0,0.0,0.0,0,0.0,1.0,0,0.0
29890.0,0,0.0,0.0,0.0,0,0.0,1.0,0,0.0
29895.0,0,0.0,0.0,0.0,0,0.0,1.0,0,0.0
29900.0,0,0.0,0.0,0.0,0,0.0,1.0,0,0.0
29905.0,0,0.0,0.0,0.0,0,0.0,1.0,0,0.0
29910.0,0,0.0,0.0,0.0,0,0.0,1.0,0,0.0
29915.0,0,0.0,0.0,0.0,0,0.0,1.0,0,0.0
29920.0,0,0.0,0.0,0.0,0,0.0,1.0,0,0.0
29925.0,0,0.0,0.0,0.0,0,0.0,1.0,0,0.0
29930.0,0,0.0,0.0,0.0,0,0.0,1.0,0,0.0
29935.0,0,0.0,0.0,0.0,0,0.0,1.0,0,0.0
29940.0,0,0.0,0.0,0.0,0,0.0,1.0,0,0.0
29945.0,0,0.0,0.0,0.0,0,0.0,1.0,0,0.0
29950.0,0,0.0,0.0,0.0,0,0.0,1.0,0,0.0
29955.0,0,0.0,0.0,0.0,0,0.0,1.0,0,0.0
29960.0,0,0.0,0.0,0.0,0,0.0,1.0,0,0.0
29965.0,0,0.0,0.0,0.0,0,0.0,1.0,0,0.0
29970.0,0,0.0,0.0,0.0,0,0.0,1.0,0,0.0
29975.0,0,0.0,0.0,0.0,0,0.0,1.0,0,0.0
29980.0,0,0.0,0.0,0.0,0,0.0,1.0,0,0.0
29985.0,0,0.0,0.0,0.0,0,0.0,1.0,0,0.0
29990.0,0,0.0,0.0,0.0,0,0.0,1.0,0,0.0
29995.0,0,0.0,0.0,0.0,0,0.0,1.0,0,0.0
30000.0,0,0.0,0.0,0.0,0,0.0,1.0,0,0.0
30005.0,0,0.0,0.0,0.0,0,0.0,1.0,0,0.0
30010.0,0,0.0,0.0,0.0,0,0.0,1.0,0,0.0
30015.0,0,0.0,0.0,0.0,0,0.0,1.0,0,0.0
30020.0,0,0.0,0.0,0.0,0,0.0,1.0,0,0.0
30025.0,0,0.0,0.0,0.0,0,0.0,1.0,0,0.0
30030.0,0,0.0,0.0,0.0,0,0.0,1.0,0,0.0
30035.0,0,0.0,0.0,0.0,0,0.0,1.0,0,0.0
30040.0,0,0.0,0.0,0.0,0,0.0,1.0,0,0.0
30045.0,0,0.0,0.0,0.0,0,0.0,1.0,0,0.0
30050.0,0,0.0,0.0,0.0,0,0.0,1.0,0,0.0
30055.0,0,0.0,0.0,0.0,0,0.0,1.0,0,0.0
30060.0,0,0.0,0.0,0.0,0,0.0,1.0,0,0.0
30065.0,0,0.0,0.0,0.0,0,0.0,1.0,0,0.0
30070.0,0,0.0,0.0,0.0,0,0.0,1.0,0,0.0
30075.0,0,0.0,0.0,0.0,0,0.0,1.0,0,0.0
30080.0,0,0.0,0.0,0.0,0,0.0,1.0,0,0.0
30085.0,0,0.0,0.0,0.0,0,0.0,1.0,0,0.0
30090.0,0,0.0,0.0,0.0,0,0.0,1.0,0,0.0
30095.0,0,0.0,0.0,0.0,0,0.0,1.0,0,0.0
30100.0,0,0.0,0.0,0.0,0,0.0,1.0,0,0.0
30105.0,0,0.0,0.0,0.0,0,0.0,1.0,0,0.0
30110.0,0,0.0,0.0,0.0,0,0.0,1.0,0,0.0
30115.0,0,0.0,0.0,0.0,0,0.0,1.0,0,0.0
30120.0,0,0.0,0.0,0.0,0,0.0,1.0,0,0.0
30125.0,0,0.0,0.0,0.0,0,0.0,1.0,0,0.0
30130.0,0,0.0,0.0,0.0,0,0.0,1.0,0,0.0
30135.0,0,0.0,0.0,0.0,0,0.0,1.0,0,0.0
30140.0,0,0.0,0.0,0.0,0,0.0,1.0,0,0.0
30145.0,0,0.0,0.0,0.0,0,0.0,1.0,0,0.0
30150.0,0,0.0,0.0,0.0,0,0.0,1.0,0,0.0
30155.0,0,0.0,0.0,0.0,0,0.0,1.0,0,0.0
30160.0,0,0.0,0.0,0.0,0,0.0,1.0,0,0.0
30165.0,0,0.0,0.0,0.0,0,0.0,1.0,0,0.0
30170.0,0,0.0,0.0,0.0,0,0.0,1.0,0,0.0
30175.0,0,0.0,0.0,0.0,0,0.0,1.0,0,0.0
30180.0,0,0.0,0.0,0.0,0,0.0,1.0,0,0.0
30185.0,0,0.0,0.0,0.0,0,0.0,1.0,0,0.0
30190.0,0,0.0,0.0,0.0,0,0.0,1.0,0,0.0
30195.0,0,0.0,0.0,0.0,0,0.0,1.0,0,0.0
30200.0,0,0.0,0.0,0.0,0,0.0,1.0,0,0.0
30205.0,0,0.0,0.0,0.0,0,0.0,1.0,0,0.0
30210.0,0,0.0,0.0,0.0,0,0.0,1.0,0,0.0
30215.0,0,0.0,0.0,0.0,0,0.0,1.0,0,0.0
30220.0,0,0.0,0.0,0.0,0,0.0,1.0,0,0.0
30225.0,0,0.0,0.0,0.0,0,0.0,1.0,0,0.0
30230.0,0,0.0,0.0,0.0,0,0.0,1.0,0,0.0
30235.0,0,0.0,0.0,0.0,0,0.0,1.0,0,0.0
30240.0,0,0.0,0.0,0.0,0,0.0,1.0,0,0.0
30245.0,0,0.0,0.0,0.0,0,0.0,1.0,0,0.0
30250.0,0,0.0,0.0,0.0,0,0.0,1.0,0,0.0
30255.0,0,0.0,0.0,0.0,0,0.0,1.0,0,0.0
30260.0,0,0.0,0.0,0.0,0,0.0,1.0,0,0.0
30265.0,0,0.0,0.0,0.0,0,0.0,1.0,0,0.0
30270.0,0,0.0,0.0,0.0,0,0.0,1.0,0,0.0
30275.0,0,0.0,0.0,0.0,0,0.0,1.0,0,0.0
30280.0,0,0.0,0.0,0.0,0,0.0,1.0,0,0.0
30285.0,0,0.0,0.0,0.0,0,0.0,1.0,0,0.0
30290.0,0,0.0,0.0,0.0,0,0.0,1.0,0,0.0
30295.0,0,0.0,0.0,0.0,0,0.0,1.0,0,0.0
30300.0,0,0.0,0.0,0.0,0,0.0,1.0,0,0.0
30305.0,0,0.0,0.0,0.0,0,0.0,1.0,0,0.0
30310.0,0,0.0,0.0,0.0,0,0.0,1.0,0,0.0
30315.0,0,0.0,0.0,0.0,0,0.0,1.0,0,0.0
30320.0,0,0.0,0.0,0.0,0,0.0,1.0,0,0.0
30325.0,0,0.0,0.0,0.0,0,0.0,1.0,0,0.0
30330.0,0,0.0,0.0,0.0,0,0.0,1.0,0,0.0
30335.0,0,0.0,0.0,0.0,0,0.0,1.0,0,0.0
30340.0,0,0.0,0.0,0.0,0,0.0,1.0,0,0.0
30345.0,0,0.0,0.0,0.0,0,0.0,1.0,0,0.0
30350.0,0,0.0,0.0,0.0,0,0.0,1.0,0,0.0
30355.0,0,0.0,0.0,0.0,0,0.0,1.0,0,0.0
30360.0,0,0.0,0.0,0.0,0,0.0,1.0,0,0.0
30365.0,0,0.0,0.0,0.0,0,0.0,1.0,0,0.0
30370.0,0,0.0,0.0,0.0,0,0.0,1.0,0,0.0
30375.0,0,0.0,0.0,0.0,0,0.0,1.0,0,0.0
30380.0,0,0.0,0.0,0.0,0,0.0,1.0,0,0.0
30385.0,0,0.0,0.0,0.0,0,0.0,1.0,0,0.0
30390.0,0,0.0,0.0,0.0,0,0.0,1.0,0,0.0
30395.0,0,0.0,0.0,0.0,0,0.0,1.0,0,0.0
30400.0,0,0.0,0.0,0.0,0,0.0,1.0,0,0.0
30405.0,0,0.0,0.0,0.0,0,0.0,1.0,0,0.0
30410.0,0,0.0,0.0,0.0,0,0.0,1.0,0,0.0
30415.0,0,0.0,0.0,0.0,0,0.0,1.0,0,0.0
30420.0,0,0.0,0.0,0.0,0,0.0,1.0,0,0.0
30425.0,0,0.0,0.0,0.0,0,0.0,1.0,0,0.0
30430.0,0,0.0,0.0,0.0,0,0.0,1.0,0,0.0
30435.0,0,0.0,0.0,0.0,0,0.0,1.0,0,0.0
30440.0,0,0.0,0.0,0.0,0,0.0,1.0,0,0.0
30445.0,0,0.0,0.0,0.0,0,0.0,1.0,0,0.0
30450.0,0,0.0,0.0,0.0,0,0.0,1.0,0,0.0
30455.0,0,0.0,0.0,0.0,0,0.0,1.0,0,0.0
30460.0,0,0.0,0.0,0.0,0,0.0,1.0,0,0.0
30465.0,0,0.0,0.0,0.0,0,0.0,1.0,0,0.0
30470.0,0,0.0,0.0,0.0,0,0.0,1.0,0,0.0
30475.0,0,0.0,0.0,0.0,0,0.0,1.0,0,0.0
30480.0,0,0.0,0.0,0.0,0,0.0,1.0,0,0.0
30485.0,0,0.0,0.0,0.0,0,0.0,1.0,0,0.0
30490.0,0,0.0,0.0,0.0,0,0.0,1.0,0,0.0
30495.0,0,0.0,0.0,0.0,0,0.0,1.0,0,0.0
30500.0,0,0.0,0.0,0.0,0,0.0,1.0,0,0.0
30505.0,0,0.0,0.0,0.0,0,0.0,1.0,0,0.0
30510.0,0,0.0,0.0,0.0,0,0.0,1.0,0,0.0
30515.0,0,0.0,0.0,0.0,0,0.0,1.0,0,0.0
30520.0,0,0.0,0.0,0.0,0,0.0,1.0,0,0.0
30525.0,0,0.0,0.0,0.0,0,0.0,1.0,0,0.0
30530.0,0,0.0,0.0,0.0,0,0.0,1.0,0,0.0
30535.0,0,0.0,0.0,0.0,0,0.0,1.0,0,0.0
30540.0,0,0.0,0.0,0.0,0,0.0,1.0,0,0.0
30545.0,0,0.0,0.0,0.0,0,0.0,1.0,0,0.0
30550.0,0,0.0,0.0,0.0,0,0.0,1.0,0,0.0
30555.0,0,0.0,0.0,0.0,0,0.0,1.0,0,0.0
30560.0,0,0.0,0.0,0.0,0,0.0,1.0,0,0.0
30565.0,0,0.0,0.0,0.0,0,0.0,1.0,0,0.0
30570.0,0,0.0,0.0,0.0,0,0.0,1.0,0,0.0
30575.0,0,0.0,0.0,0.0,0,0.0,1.0,0,0.0
30580.0,0,0.0,0.0,0.0,0,0.0,1.0,0,0.0
30585.0,0,0.0,0.0,0.0,0,0.0,1.0,0,0.0
30590.0,0,0.0,0.0,0.0,0,0.0,1.0,0,0.0
30595.0,0,0.0,0.0,0.0,0,0.0,1.0,0,0.0
30600.0,0,0.0,0.0,0.0,0,0.0,1.0,0,0.0
